LOCATION_NAME,LATITUDE,LONGITUDE,WEIGHT
LOC 1,34.07058,-118.40236,1
LOC 2,34.00112,-118.48249,1
LOC 3,34.0749,-118.32346,1
LOC 4,34.05372,-118.46612,1
LOC 5,37.79764,-122.4304,1
LOC 6,33.60062,-117.8727,1
LOC 7,32.80181,-117.23818,1
LOC 8,33.54247,-117.78444,1
LOC 9,37.83353,-122.2494,1
LOC 10,33.70635,-117.78814,1
LOC 11,33.77481,-118.37603,1
LOC 12,32.98143,-117.07525,1
LOC 13,34.14698,-118.25478,1
LOC 14,37.57939,-122.34612,1
LOC 15,33.80439,-118.33023,1
LOC 16,37.79023,-122.43397,1
LOC 17,32.95938,-117.26498,1
LOC 18,32.77615,-117.15489,1
LOC 19,32.84877,-117.27329,1
LOC 20,34.02701,-118.50182,1
LOC 21,32.71765,-117.15943,1
LOC 22,37.80064,-122.43854,1
LOC 23,37.79676,-122.42209,1
LOC 24,37.29271,-121.93034,1
LOC 25,34.13601,-118.13248,1
LOC 26,34.12487,-118.05693,1
LOC 27,37.5111,-122.29309,1
LOC 28,32.87071,-117.21043,1
LOC 29,33.88753,-117.86308,1
LOC 30,33.88518,-118.40989,1
LOC 31,34.42171,-119.65018,1
LOC 32,34.16077,-118.51038,1
LOC 33,37.75134,-122.4317,1
LOC 34,34.0396,-118.42997,1
LOC 35,34.15126,-118.45207,1
LOC 36,33.74363,-117.81696,1
LOC 37,32.95327,-117.23118,1
LOC 38,37.48502,-122.2311,1
LOC 39,32.95845,-117.12477,1
LOC 40,37.60295,-122.39461,1
LOC 41,37.24912,-121.85786,1
LOC 42,34.15167,-118.8255,1
LOC 43,37.89168,-122.12003,1
LOC 44,34.03519,-118.68508,1
LOC 45,34.40452,-118.55111,1
LOC 46,34.18872,-118.6416,1
LOC 47,34.43897,-119.75237,1
LOC 48,37.44673,-122.16053,1
LOC 49,33.56983,-117.70717,1
LOC 50,38.61852,-121.4009,1
LOC 51,34.16256,-118.31458,1
LOC 52,37.89146,-122.27995,1
LOC 53,37.3785,-122.11668,1
LOC 54,33.91702,-117.90068,1
LOC 55,34.1432,-118.39733,1
LOC 56,34.03275,-118.49423,1
LOC 57,33.65893,-118.00064,1
LOC 58,34.4199,-119.69947,1
LOC 59,34.15046,-118.07318,1
LOC 60,33.87101,-118.05953,1
LOC 61,33.75998,-118.13368,1
LOC 62,33.61364,-117.67949,1
LOC 63,37.89558,-122.0573,1
LOC 64,34.14591,-118.1525,1
LOC 65,33.81852,-118.38565,1
LOC 66,32.74719,-117.16013,1
LOC 67,34.16922,-118.60548,1
LOC 68,33.61774,-117.92939,1
LOC 69,33.01816,-117.07346,1
LOC 70,33.05206,-117.26142,1
LOC 71,32.80077,-117.00254,1
LOC 72,36.58342,-121.897,1
LOC 73,32.68645,-117.18007,1
LOC 74,37.78772,-122.40106,1
LOC 75,38.32313,-122.30192,1
LOC 76,38.00795,-122.54743,1
LOC 77,34.18251,-118.31071,1
LOC 78,37.50651,-122.26098,1
LOC 79,34.04722,-118.52601,1
LOC 80,34.12235,-118.10579,1
LOC 81,37.78406,-122.40398,1
LOC 82,38.59586,-121.3641,1
LOC 83,37.56289,-122.324,1
LOC 84,37.35179,-121.96775,1
LOC 85,37.82892,-122.28238,1
LOC 86,33.98598,-118.44308,1
LOC 87,37.79697,-122.39813,1
LOC 88,37.39082,-122.09472,1
LOC 89,38.56814,-121.46706,1
LOC 90,35.27985,-120.66172,1
LOC 91,33.64908,-117.83081,1
LOC 92,38.74293,-121.25163,1
LOC 93,34.08342,-118.35614,1
LOC 94,37.80443,-122.27391,1
LOC 95,37.42833,-121.92099,1
LOC 96,38.62696,-121.26362,1
LOC 97,37.79068,-122.40388,1
LOC 98,37.76416,-122.466,1
LOC 99,36.15884,-115.20536,1
LOC 100,37.33681,-122.03639,1
LOC 101,38.4181,-122.71237,1
LOC 102,34.08828,-118.37907,1
LOC 103,37.79885,-121.92193,1
LOC 104,34.15586,-118.75656,1
LOC 105,33.49779,-117.66206,1
LOC 106,32.81975,-117.14943,1
LOC 107,37.30379,-121.89726,1
LOC 108,34.19095,-118.60452,1
LOC 109,38.44099,-122.71202,1
LOC 110,37.69713,-121.74321,1
LOC 111,34.15772,-118.49166,1
LOC 112,32.86506,-117.23211,1
LOC 113,38.59579,-121.41617,1
LOC 114,37.4522,-122.18388,1
LOC 115,34.03604,-118.47769,1
LOC 116,34.20054,-118.18902,1
LOC 117,33.11285,-117.10087,1
LOC 118,33.83239,-118.34946,1
LOC 119,33.60687,-117.8896,1
LOC 120,37.79132,-122.39234,1
LOC 121,34.06448,-118.4694,1
LOC 122,36.16172,-115.17319,1
LOC 123,33.71513,-118.02243,1
LOC 124,33.86113,-117.7913,1
LOC 125,37.78611,-122.45323,1
LOC 126,36.9781,-121.96638,1
LOC 127,37.82192,-121.99983,1
LOC 128,34.09022,-117.68914,1
LOC 129,33.45882,-117.65137,1
LOC 130,34.05947,-118.38959,1
LOC 131,37.89862,-122.51508,1
LOC 132,32.77143,-117.06974,1
LOC 133,36.11504,-115.20214,1
LOC 134,36.14305,-115.06602,1
LOC 135,36.17822,-115.17725,1
LOC 136,36.25993,-115.15568,1
LOC 137,36.0414,-115.17168,1
LOC 138,33.97558,-118.35791,1
LOC 139,32.70911,-117.08525,1
LOC 140,37.44362,-122.17187,1
LOC 141,34.07189,-117.59379,1
LOC 142,36.74345,-119.77353,1
LOC 143,36.7,-121.62009,1
LOC 144,38.81001,-121.28332,1
LOC 145,38.55402,-121.42811,1
LOC 146,38.46179,-122.71738,1
LOC 147,36.79161,-119.82616,1
LOC 148,34.15052,-117.47261,1
LOC 149,36.83775,-119.70046,1
LOC 150,33.75969,-116.29766,1
LOC 151,33.7009,-117.88444,1
LOC 152,37.38835,-122.03036,1
LOC 153,34.27206,-118.77768,1
LOC 154,38.33498,-122.67769,1
LOC 155,37.00242,-121.55127,1
LOC 156,38.66163,-121.35472,1
LOC 157,33.9465,-117.39699,1
LOC 158,35.58427,-120.69696,1
LOC 159,37.97807,-121.9929,1
LOC 160,38.70626,-121.32629,1
LOC 161,38.78937,-121.28802,1
LOC 162,32.65484,-117.06547,1
LOC 163,35.29516,-119.027,1
LOC 164,32.65034,-117.08689,1
LOC 165,33.90957,-117.85276,1
LOC 166,36.12675,-115.16914,1
LOC 167,36.78007,-119.78673,1
LOC 168,38.40774,-121.44968,1
LOC 169,33.13545,-117.12107,1
LOC 170,32.74867,-117.12497,1
LOC 171,33.87459,-118.08199,1
LOC 172,37.80047,-122.27395,1
LOC 173,34.07548,-117.37074,1
LOC 174,37.78342,-122.43288,1
LOC 175,35.3092,-119.09252,1
LOC 176,32.80295,-117.00634,1
LOC 177,32.80418,-116.95082,1
LOC 178,34.10657,-117.93835,1
LOC 179,37.09901,-121.01556,1
LOC 180,39.52633,-122.21253,1
LOC 181,38.56763,-121.43427,1
LOC 182,36.02607,-115.11923,1
LOC 183,33.9242,-118.32588,1
LOC 184,33.68147,-117.81175,1
LOC 185,38.47929,-122.73511,1
LOC 186,37.38535,-121.92791,1
LOC 187,37.38619,-121.9609,1
LOC 188,37.4903,-122.24017,1
LOC 189,32.83042,-117.1537,1
LOC 190,37.46592,-121.17472,1
LOC 191,38.42627,-122.66871,1
LOC 192,38.29922,-122.47574,1
LOC 193,37.47739,-122.22343,1
LOC 194,38.78838,-121.20648,1
LOC 195,39.92691,-122.19816,1
LOC 196,36.13391,-115.08466,1
LOC 197,33.86344,-118.39217,1
LOC 198,37.97329,-122.52837,1
LOC 199,37.70233,-121.93381,1
LOC 200,34.25676,-118.49975,1
LOC 201,34.25661,-118.53706,1
LOC 202,33.73207,-117.99154,1
LOC 203,34.15251,-118.34578,1
LOC 204,33.24071,-117.29347,1
LOC 205,34.04034,-118.46332,1
LOC 206,36.14414,-115.20701,1
LOC 207,33.67139,-117.86464,1
LOC 208,37.32199,-122.03278,1
LOC 209,32.79443,-117.25462,1
LOC 210,34.17981,-118.87704,1
LOC 211,32.81998,-117.18176,1
LOC 212,33.77015,-118.19219,1
LOC 213,32.77878,-117.00978,1
LOC 214,37.54881,-121.9871,1
LOC 215,37.56093,-122.2739,1
LOC 216,32.74608,-116.92984,1
LOC 217,39.32722,-120.20557,1
LOC 218,34.09571,-117.7181,1
LOC 219,36.14394,-115.29697,1
LOC 220,37.88431,-122.19178,1
LOC 221,34.08408,-118.38588,1
LOC 222,38.54939,-122.80709,1
LOC 223,33.82339,-116.54717,1
LOC 224,33.63846,-117.67834,1
LOC 225,37.77813,-122.41503,1
LOC 226,34.14068,-118.00489,1
LOC 227,37.29285,-121.98887,1
LOC 228,36.97392,-122.02641,1
LOC 229,38.23466,-122.64075,1
LOC 230,37.29461,-121.93093,1
LOC 231,33.95672,-118.3969,1
LOC 232,37.95831,-122.09401,1
LOC 233,33.8126,-118.36762,1
LOC 234,37.43478,-121.90049,1
LOC 235,33.91256,-117.88137,1
LOC 236,38.90414,-121.07391,1
LOC 237,34.02713,-118.39276,1
LOC 238,35.29369,-120.67091,1
LOC 239,39.72894,-121.8409,1
LOC 240,32.64439,-117.00139,1
LOC 241,33.75973,-118.11464,1
LOC 242,34.05264,-118.25712,1
LOC 243,34.0646,-118.39884,1
LOC 244,37.92876,-122.04001,1
LOC 245,37.99138,-122.30247,1
LOC 246,37.2199,-121.86176,1
LOC 247,37.97651,-122.03376,1
LOC 248,38.54359,-121.74013,1
LOC 249,34.16244,-118.05283,1
LOC 250,33.64947,-117.58298,1
LOC 251,33.65187,-117.64721,1
LOC 252,38.75234,-121.30985,1
LOC 253,37.73968,-122.46732,1
LOC 254,37.69598,-122.07804,1
LOC 255,37.68912,-121.90232,1
LOC 256,33.97966,-118.46536,1
LOC 257,37.1125,-121.64359,1
LOC 258,34.07175,-118.36077,1
LOC 259,36.12776,-115.16985,1
LOC 260,37.77991,-121.97229,1
LOC 261,37.36141,-122.09802,1
LOC 262,37.81118,-122.24341,1
LOC 263,38.57714,-121.48093,1
LOC 264,34.0506,-118.25739,1
LOC 265,37.55058,-122.04876,1
LOC 266,37.78598,-122.43982,1
LOC 267,33.99456,-117.93116,1
LOC 268,34.05165,-118.25154,1
LOC 269,34.05142,-118.25531,1
LOC 270,37.31396,-121.79401,1
LOC 271,37.33341,-121.88734,1
LOC 272,33.91764,-117.9611,1
LOC 273,34.2221,-118.23549,1
LOC 274,33.68956,-117.89354,1
LOC 275,32.91371,-117.14213,1
LOC 276,34.44523,-118.55164,1
LOC 277,32.80854,-117.11523,1
LOC 278,34.39212,-118.57315,1
LOC 279,33.72636,-117.98865,1
LOC 280,37.67909,-121.77802,1
LOC 281,37.65219,-122.402,1
LOC 282,37.65344,-120.95713,1
LOC 283,34.44173,-119.83222,1
LOC 284,32.7155,-117.16124,1
LOC 285,34.10643,-117.82607,1
LOC 286,34.25075,-118.60628,1
LOC 287,38.01109,-121.32213,1
LOC 288,38.60068,-121.42683,1
LOC 289,33.06584,-117.26544,1
LOC 290,37.67512,-121.87391,1
LOC 291,37.23564,-121.96449,1
LOC 292,37.33527,-121.89287,1
LOC 293,33.72177,-116.36304,1
LOC 294,34.41335,-119.85521,1
LOC 295,37.75695,-122.25289,1
LOC 296,37.53781,-122.30018,1
LOC 297,34.0381,-118.44092,1
LOC 298,34.25676,-118.58022,1
LOC 299,33.63688,-117.92152,1
LOC 300,37.9664,-121.78238,1
LOC 301,36.80881,-119.80666,1
LOC 302,34.03906,-118.14342,1
LOC 303,33.90227,-118.38355,1
LOC 304,34.0957,-118.37211,1
LOC 305,37.37135,-121.84234,1
LOC 306,37.30016,-121.95053,1
LOC 307,38.28321,-122.27498,1
LOC 308,33.15913,-117.35143,1
LOC 309,37.01434,-121.58589,1
LOC 310,32.82963,-117.2048,1
LOC 311,33.90988,-117.45684,1
LOC 312,33.97592,-117.34024,1
LOC 313,37.99314,-122.11943,1
LOC 314,34.07597,-118.34499,1
LOC 315,37.66768,-122.4684,1
LOC 316,36.84698,-119.78921,1
LOC 317,34.09827,-118.31106,1
LOC 318,34.09474,-118.12813,1
LOC 319,34.13627,-118.1502,1
LOC 320,32.84257,-117.27199,1
LOC 321,33.6084,-117.73156,1
LOC 322,33.04017,-117.29283,1
LOC 323,34.02272,-118.43899,1
LOC 324,37.77573,-122.44627,1
LOC 325,36.33031,-119.29245,1
LOC 326,34.06666,-118.41029,1
LOC 327,34.09815,-118.34353,1
LOC 328,37.78717,-122.41077,1
LOC 329,37.78856,-122.42221,1
LOC 330,37.86886,-122.2682,1
LOC 331,38.67486,-121.27305,1
LOC 332,37.70076,-122.48321,1
LOC 333,36.02971,-115.08603,1
LOC 334,37.38912,-121.98344,1
LOC 335,32.76746,-117.16655,1
LOC 336,33.67151,-117.7894,1
LOC 337,37.27966,-122.03114,1
LOC 338,38.34926,-122.7101,1
LOC 339,37.52269,-122.25178,1
LOC 340,34.1362,-117.87074,1
LOC 341,33.65445,-117.73842,1
LOC 342,33.42601,-117.61138,1
LOC 343,37.79152,-122.39511,1
LOC 344,33.18251,-117.34074,1
LOC 345,36.19565,-115.25891,1
LOC 346,37.35039,-121.92209,1
LOC 347,32.80479,-116.96745,1
LOC 348,33.07115,-117.06561,1
LOC 349,37.38325,-121.8944,1
LOC 350,34.03614,-118.0839,1
LOC 351,34.1605,-118.82431,1
LOC 352,34.14468,-118.41237,1
LOC 353,33.8912,-117.77562,1
LOC 354,34.27945,-118.8731,1
LOC 355,34.07519,-117.54652,1
LOC 356,33.12506,-117.32017,1
LOC 357,32.93649,-117.0997,1
LOC 358,36.8089,-119.71264,1
LOC 359,34.09734,-118.32249,1
LOC 360,35.34039,-119.10362,1
LOC 361,38.06597,-122.1652,1
LOC 362,37.78616,-122.40566,1
LOC 363,37.97347,-121.30231,1
LOC 364,36.75785,-119.80265,1
LOC 365,34.13981,-117.97775,1
LOC 366,37.95349,-121.95506,1
LOC 367,39.55534,-119.75282,1
LOC 368,32.77091,-117.15008,1
LOC 369,37.24582,-121.88845,1
LOC 370,37.65188,-122.09091,1
LOC 371,35.35396,-119.05806,1
LOC 372,34.18778,-118.59929,1
LOC 373,37.7887,-122.40082,1
LOC 374,34.17068,-118.56998,1
LOC 375,34.0619,-118.33889,1
LOC 376,34.21102,-118.84033,1
LOC 377,34.01969,-118.45475,1
LOC 378,34.0625,-118.44739,1
LOC 379,32.89366,-117.20321,1
LOC 380,34.13977,-118.02389,1
LOC 381,34.41593,-118.47483,1
LOC 382,38.79492,-121.266,1
LOC 383,37.02294,-121.56387,1
LOC 384,33.92287,-118.39593,1
LOC 385,33.76,-117.82893,1
LOC 386,33.97924,-118.03718,1
LOC 387,37.78017,-122.47814,1
LOC 388,34.11476,-118.15016,1
LOC 389,34.14434,-118.13205,1
LOC 390,37.77859,-122.3964,1
LOC 391,37.79026,-122.42206,1
LOC 392,33.85318,-117.99836,1
LOC 393,35.39935,-119.09189,1
LOC 394,34.8511,-117.08202,1
LOC 395,33.87483,-117.89005,1
LOC 396,37.33231,-121.9126,1
LOC 397,37.69735,-122.46296,1
LOC 398,37.77958,-122.27566,1
LOC 399,38.61195,-121.49698,1
LOC 400,39.48144,-119.7942,1
LOC 401,33.67204,-117.91979,1
LOC 402,33.78132,-117.89185,1
LOC 403,37.42739,-122.14927,1
LOC 404,38.63652,-121.50478,1
LOC 405,37.84819,-122.03168,1
LOC 406,37.71163,-122.16247,1
LOC 407,33.87247,-118.37857,1
LOC 408,34.1276,-118.44385,1
LOC 409,38.63724,-121.32918,1
LOC 410,33.80516,-118.35073,1
LOC 411,34.15269,-118.46034,1
LOC 412,34.28395,-118.71892,1
LOC 413,38.53468,-121.49445,1
LOC 414,37.94871,-122.05968,1
LOC 415,36.19175,-115.30493,1
LOC 416,34.03112,-118.84311,1
LOC 417,33.61491,-117.8748,1
LOC 418,33.80363,-117.88717,1
LOC 419,34.04316,-118.43167,1
LOC 420,34.04835,-118.43538,1
LOC 421,36.62224,-121.84421,1
LOC 422,37.51988,-122.27559,1
LOC 423,37.70399,-121.88487,1
LOC 424,37.49037,-122.22509,1
LOC 425,34.05797,-118.36374,1
LOC 426,33.82953,-118.0865,1
LOC 427,37.56784,-122.02531,1
LOC 428,33.98655,-117.8718,1
LOC 429,34.07863,-117.89055,1
LOC 430,37.76371,-122.47746,1
LOC 431,34.15114,-118.00244,1
LOC 432,33.81616,-116.45743,1
LOC 433,37.56092,-122.28033,1
LOC 434,36.7044,-121.66724,1
LOC 435,33.65577,-117.70188,1
LOC 436,37.83661,-122.29506,1
LOC 437,37.57978,-122.33336,1
LOC 438,33.81277,-116.54447,1
LOC 439,32.76357,-117.10661,1
LOC 440,33.72959,-117.95497,1
LOC 441,38.42284,-121.44634,1
LOC 442,33.84536,-118.38705,1
LOC 443,37.35281,-122.05133,1
LOC 444,37.35214,-121.9366,1
LOC 445,34.10534,-118.33682,1
LOC 446,34.39487,-119.51318,1
LOC 447,38.29071,-122.03429,1
LOC 448,37.89808,-122.06009,1
LOC 449,37.79392,-122.39666,1
LOC 450,34.05492,-118.38354,1
LOC 451,34.24225,-118.55966,1
LOC 452,34.18338,-118.78579,1
LOC 453,33.94004,-117.96708,1
LOC 454,36.05738,-115.14958,1
LOC 455,36.10049,-115.20911,1
LOC 456,34.15511,-118.64303,1
LOC 457,32.74873,-117.1523,1
LOC 458,37.48018,-122.15112,1
LOC 459,33.13172,-117.20651,1
LOC 460,34.26521,-118.52386,1
LOC 461,33.89117,-118.3003,1
LOC 462,33.87329,-118.30875,1
LOC 463,37.79113,-122.39875,1
LOC 464,34.12001,-118.15009,1
LOC 465,37.78617,-122.40905,1
LOC 466,33.85404,-118.13644,1
LOC 467,33.85802,-118.30298,1
LOC 468,37.59916,-122.06914,1
LOC 469,34.1557,-118.34696,1
LOC 470,36.91556,-121.77496,1
LOC 471,34.15037,-118.08034,1
LOC 472,38.5472,-121.76044,1
LOC 473,33.66401,-117.85699,1
LOC 474,37.33719,-122.0147,1
LOC 475,37.3875,-122.08305,1
LOC 476,34.00345,-118.47196,1
LOC 477,37.7445,-122.45271,1
LOC 478,37.2322,-121.77503,1
LOC 479,32.99506,-117.25891,1
LOC 480,33.94865,-118.00708,1
LOC 481,34.00528,-117.82261,1
LOC 482,33.91884,-117.90119,1
LOC 483,34.10407,-118.25901,1
LOC 484,38.6552,-121.17832,1
LOC 485,33.97748,-117.46014,1
LOC 486,37.35303,-121.99721,1
LOC 487,36.11615,-115.2425,1
LOC 488,33.91665,-118.35184,1
LOC 489,35.12655,-120.59549,1
LOC 490,38.35334,-121.98599,1
LOC 491,37.55219,-122.31384,1
LOC 492,34.06063,-117.18281,1
LOC 493,33.72334,-118.31205,1
LOC 494,33.52394,-117.16179,1
LOC 495,34.0517,-118.34392,1
LOC 496,38.73079,-120.78686,1
LOC 497,33.85136,-118.14083,1
LOC 498,36.73574,-119.78525,1
LOC 499,33.82319,-117.83571,1
LOC 500,34.206,-118.2176,1
LOC 501,32.95499,-117.03924,1
LOC 502,34.17458,-118.3007,1
LOC 503,33.10417,-117.07661,1
LOC 504,37.82651,-122.25202,1
LOC 505,38.09118,-122.55497,1
LOC 506,33.99134,-118.44651,1
LOC 507,33.83715,-118.35538,1
LOC 508,33.85487,-117.56251,1
LOC 509,33.91689,-118.01151,1
LOC 510,33.85776,-118.36518,1
LOC 511,33.8053,-118.18978,1
LOC 512,32.82228,-117.10176,1
LOC 513,33.77714,-117.86682,1
LOC 514,32.83234,-117.16604,1
LOC 515,37.80305,-122.40301,1
LOC 516,38.45474,-121.37096,1
LOC 517,37.89445,-122.5307,1
LOC 518,37.62575,-122.426,1
LOC 519,37.32833,-121.96611,1
LOC 520,37.53486,-121.99829,1
LOC 521,37.69144,-121.77359,1
LOC 522,34.14047,-118.36949,1
LOC 523,34.16898,-118.11255,1
LOC 524,33.02182,-117.28206,1
LOC 525,34.04755,-118.44522,1
LOC 526,38.67022,-121.72705,1
LOC 527,33.72185,-117.77099,1
LOC 528,32.87906,-117.1647,1
LOC 529,38.58106,-121.49484,1
LOC 530,37.31962,-120.48,1
LOC 531,37.28719,-121.94505,1
LOC 532,36.00145,-115.10824,1
LOC 533,33.59045,-117.6992,1
LOC 534,37.77436,-122.23033,1
LOC 535,37.78958,-122.40196,1
LOC 536,32.91537,-117.12083,1
LOC 537,33.64317,-117.59933,1
LOC 538,37.78935,-122.40682,1
LOC 539,34.06358,-118.37635,1
LOC 540,34.18673,-118.62424,1
LOC 541,37.36926,-121.92035,1
LOC 542,38.59334,-121.28568,1
LOC 543,34.42954,-119.87241,1
LOC 544,33.08584,-117.26829,1
LOC 545,37.92488,-122.08812,1
LOC 546,33.69364,-117.95465,1
LOC 547,32.77992,-117.12956,1
LOC 548,34.02219,-118.39623,1
LOC 549,32.98099,-117.06119,1
LOC 550,33.83723,-118.18472,1
LOC 551,34.1018,-118.3372,1
LOC 552,33.62024,-117.92327,1
LOC 553,34.14772,-118.42814,1
LOC 554,38.45906,-122.67435,1
LOC 555,34.11918,-117.7813,1
LOC 556,37.82586,-122.20939,1
LOC 557,37.76316,-121.95067,1
LOC 558,34.40228,-119.72341,1
LOC 559,33.6564,-117.91878,1
LOC 560,32.86976,-117.21545,1
LOC 561,33.97777,-118.39175,1
LOC 562,33.80411,-118.16993,1
LOC 563,33.98698,-118.22552,1
LOC 564,34.38002,-118.54209,1
LOC 565,36.15947,-115.28769,1
LOC 566,36.11456,-115.15741,1
LOC 567,34.12647,-118.26343,1
LOC 568,34.10194,-118.29146,1
LOC 569,33.78946,-118.13932,1
LOC 570,38.77353,-121.26317,1
LOC 571,32.71588,-117.16905,1
LOC 572,37.43166,-122.20182,1
LOC 573,33.68081,-118.00476,1
LOC 574,33.80858,-118.12493,1
LOC 575,39.52781,-119.86239,1
LOC 576,33.93568,-118.12359,1
LOC 577,34.15746,-118.26438,1
LOC 578,34.15579,-118.46706,1
LOC 579,33.80311,-118.01493,1
LOC 580,33.77134,-118.37303,1
LOC 581,39.2031,-121.06346,1
LOC 582,33.86305,-118.40041,1
LOC 583,33.86023,-117.92483,1
LOC 584,37.76616,-120.84695,1
LOC 585,37.72951,-121.93138,1
LOC 586,34.02732,-118.47485,1
LOC 587,34.19186,-118.9381,1
LOC 588,33.20756,-117.28546,1
LOC 589,34.25768,-118.46981,1
LOC 590,33.95215,-118.16392,1
LOC 591,37.78482,-122.39996,1
LOC 592,33.19225,-117.25385,1
LOC 593,34.18645,-118.41353,1
LOC 594,33.90125,-118.37418,1
LOC 595,33.87372,-117.924,1
LOC 596,33.88587,-118.15975,1
LOC 597,33.77929,-118.30914,1
LOC 598,37.521,-122.33737,1
LOC 599,37.2381,-121.83093,1
LOC 600,37.32246,-121.99405,1
LOC 601,38.43493,-122.68856,1
LOC 602,37.72798,-122.47661,1
LOC 603,37.7899,-122.39457,1
LOC 604,38.60862,-122.87293,1
LOC 605,38.09478,-122.22888,1
LOC 606,37.30055,-121.7719,1
LOC 607,34.14415,-118.70029,1
LOC 608,33.87247,-118.35207,1
LOC 609,34.15747,-118.151,1
LOC 610,34.2751,-118.56347,1
LOC 611,38.25035,-122.62881,1
LOC 612,32.74848,-117.1007,1
LOC 613,33.1387,-117.1747,1
LOC 614,34.19149,-118.32892,1
LOC 615,34.07699,-118.38354,1
LOC 616,33.72329,-118.07567,1
LOC 617,36.3282,-119.65421,1
LOC 618,36.15954,-115.31945,1
LOC 619,37.73959,-121.4513,1
LOC 620,36.8378,-119.68201,1
LOC 621,34.10203,-118.30894,1
LOC 622,33.90144,-118.36676,1
LOC 623,34.07122,-117.95894,1
LOC 624,34.14567,-118.14313,1
LOC 625,38.01211,-122.27414,1
LOC 626,38.5716,-121.48787,1
LOC 627,33.48258,-117.0944,1
LOC 628,32.63125,-117.08919,1
LOC 629,37.58826,-122.01898,1
LOC 630,38.49504,-121.52109,1
LOC 631,37.63872,-122.42096,1
LOC 632,37.52159,-120.88044,1
LOC 633,38.55869,-121.33459,1
LOC 634,37.29189,-121.8789,1
LOC 635,33.78738,-117.81475,1
LOC 636,38.54754,-121.39456,1
LOC 637,36.79216,-121.66584,1
LOC 638,32.74229,-117.05603,1
LOC 639,33.50447,-117.65381,1
LOC 640,38.65019,-121.16412,1
LOC 641,34.46993,-117.35106,1
LOC 642,33.92549,-116.81136,1
LOC 643,37.04445,-122.02707,1
LOC 644,34.17152,-118.95582,1
LOC 645,33.13145,-117.16504,1
LOC 646,34.06143,-118.30632,1
LOC 647,32.85548,-116.9715,1
LOC 648,37.3259,-121.94378,1
LOC 649,32.93745,-117.23033,1
LOC 650,34.2846,-118.44165,1
LOC 651,34.12178,-117.57495,1
LOC 652,34.91548,-120.43553,1
LOC 653,37.29919,-120.48121,1
LOC 654,37.33842,-121.99486,1
LOC 655,36.837,-121.38986,1
LOC 656,34.6012,-118.14341,1
LOC 657,33.7882,-116.48146,1
LOC 658,38.13391,-122.22221,1
LOC 659,33.84163,-118.26232,1
LOC 660,39.7264,-121.80117,1
LOC 661,37.13041,-121.63916,1
LOC 662,35.13596,-120.62521,1
LOC 663,37.5592,-122.2673,1
LOC 664,38.45712,-121.84316,1
LOC 665,37.92743,-122.06112,1
LOC 666,36.1794,-115.24263,1
LOC 667,37.49118,-121.92982,1
LOC 668,38.48151,-121.50317,1
LOC 669,34.45982,-118.53405,1
LOC 670,34.23309,-119.17785,1
LOC 671,37.92687,-121.69089,1
LOC 672,38.48133,-121.40925,1
LOC 673,33.87768,-117.9635,1
LOC 674,33.14926,-117.1982,1
LOC 675,33.51932,-117.16412,1
LOC 676,32.74696,-117.25075,1
LOC 677,33.68673,-117.85574,1
LOC 678,37.52973,-122.03827,1
LOC 679,32.77951,-117.01504,1
LOC 680,38.87718,-121.29544,1
LOC 681,33.85878,-118.09056,1
LOC 682,34.18757,-118.55372,1
LOC 683,33.80979,-118.29002,1
LOC 684,33.7821,-118.07157,1
LOC 685,37.41582,-121.89905,1
LOC 686,38.56221,-121.49401,1
LOC 687,37.70053,-121.06651,1
LOC 688,36.0123,-114.96389,1
LOC 689,37.90132,-122.2997,1
LOC 690,33.70395,-117.93411,1
LOC 691,40.79925,-124.14716,1
LOC 692,37.66054,-122.47745,1
LOC 693,32.7113,-117.16123,1
LOC 694,38.27594,-122.6681,1
LOC 695,34.07482,-118.0727,1
LOC 696,37.46163,-122.13728,1
LOC 697,36.61604,-121.90052,1
LOC 698,37.36859,-122.03563,1
LOC 699,34.03286,-117.68994,1
LOC 700,33.68163,-117.91899,1
LOC 701,37.67081,-120.99436,1
LOC 702,37.67248,-122.46982,1
LOC 703,35.48679,-120.66377,1
LOC 704,37.40646,-121.94176,1
LOC 705,38.3239,-122.28695,1
LOC 706,36.2998,-115.28054,1
LOC 707,33.98889,-118.30987,1
LOC 708,34.15812,-118.4243,1
LOC 709,32.79097,-117.09927,1
LOC 710,36.01097,-115.13618,1
LOC 711,33.61226,-117.7133,1
LOC 712,34.10731,-117.66572,1
LOC 713,38.78881,-121.22401,1
LOC 714,33.76323,-118.31097,1
LOC 715,36.06615,-115.03661,1
LOC 716,37.85877,-122.12438,1
LOC 717,35.38388,-119.10468,1
LOC 718,34.03425,-117.06083,1
LOC 719,37.97279,-120.36715,1
LOC 720,32.95122,-117.06743,1
LOC 721,34.1285,-117.89048,1
LOC 722,33.63981,-117.85418,1
LOC 723,34.12165,-117.51074,1
LOC 724,34.03105,-118.40097,1
LOC 725,33.01812,-117.06203,1
LOC 726,38.34312,-121.99581,1
LOC 727,34.24171,-118.53585,1
LOC 728,33.80772,-118.27212,1
LOC 729,34.04168,-117.79835,1
LOC 730,34.16793,-117.33176,1
LOC 731,36.58198,-121.82849,1
LOC 732,38.16545,-122.25466,1
LOC 733,33.68992,-117.87755,1
LOC 734,34.10277,-118.33924,1
LOC 735,37.70305,-121.72194,1
LOC 736,37.9264,-122.38493,1
LOC 737,37.97385,-122.04149,1
LOC 738,34.20282,-118.59743,1
LOC 739,37.69526,-121.92947,1
LOC 740,33.73431,-117.81513,1
LOC 741,37.43556,-121.88579,1
LOC 742,38.94013,-121.09592,1
LOC 743,37.76397,-122.24271,1
LOC 744,38.61369,-121.3826,1
LOC 745,37.96993,-122.5193,1
LOC 746,37.52648,-122.00156,1
LOC 747,32.65889,-117.09089,1
LOC 748,33.88822,-117.82946,1
LOC 749,38.11592,-121.3058,1
LOC 750,38.74082,-121.22651,1
LOC 751,38.76915,-121.33054,1
LOC 752,36.73715,-119.70044,1
LOC 753,33.45691,-117.60036,1
LOC 754,34.66176,-120.45731,1
LOC 755,37.96796,-122.06075,1
LOC 756,33.97059,-118.18838,1
LOC 757,34.091,-118.36171,1
LOC 758,36.02295,-115.04671,1
LOC 759,36.24013,-115.24946,1
LOC 760,33.91673,-118.0494,1
LOC 761,32.81392,-117.26997,1
LOC 762,38.40862,-121.39196,1
LOC 763,36.08017,-119.04366,1
LOC 764,33.78759,-117.86768,1
LOC 765,32.79511,-116.96275,1
LOC 766,34.02704,-117.61138,1
LOC 767,37.71791,-121.72455,1
LOC 768,38.0822,-120.55987,1
LOC 769,38.65039,-121.06864,1
LOC 770,37.33437,-121.92409,1
LOC 771,32.5848,-117.09176,1
LOC 772,33.63784,-117.5914,1
LOC 773,33.98449,-118.10015,1
LOC 774,33.06853,-117.26528,1
LOC 775,32.57728,-117.03644,1
LOC 776,38.01753,-122.13637,1
LOC 777,33.71631,-117.97159,1
LOC 778,37.99937,-121.31545,1
LOC 779,37.51124,-121.94794,1
LOC 780,37.31298,-121.94975,1
LOC 781,34.52434,-117.21699,1
LOC 782,34.04799,-118.23902,1
LOC 783,38.76128,-121.24986,1
LOC 784,33.85414,-117.8369,1
LOC 785,32.54415,-117.04193,1
LOC 786,34.10749,-117.70428,1
LOC 787,33.13265,-117.06184,1
LOC 788,36.27425,-115.26882,1
LOC 789,33.85802,-118.11569,1
LOC 790,34.42654,-118.53717,1
LOC 791,33.7894,-117.9933,1
LOC 792,35.26313,-120.67663,1
LOC 793,33.93201,-118.18334,1
LOC 794,34.41551,-118.55706,1
LOC 795,37.47868,-122.1859,1
LOC 796,39.14742,-121.64439,1
LOC 797,32.61473,-117.0262,1
LOC 798,37.33102,-121.81195,1
LOC 799,37.87895,-122.18245,1
LOC 800,34.01915,-118.33476,1
LOC 801,34.14885,-118.12158,1
LOC 802,37.65418,-122.11035,1
LOC 803,34.02651,-117.68967,1
LOC 804,37.69009,-122.06267,1
LOC 805,36.80798,-119.69646,1
LOC 806,33.56275,-117.64784,1
LOC 807,33.69961,-117.8653,1
LOC 808,37.76291,-122.41042,1
LOC 809,37.32094,-121.94912,1
LOC 810,34.03985,-118.25335,1
LOC 811,34.27927,-118.73839,1
LOC 812,34.15779,-118.39624,1
LOC 813,33.9393,-118.04449,1
LOC 814,38.66319,-121.27262,1
LOC 815,33.91136,-117.46149,1
LOC 816,38.77233,-121.26597,1
LOC 817,38.45541,-121.40356,1
LOC 818,37.61788,-122.06979,1
LOC 819,40.57137,-122.3509,1
LOC 820,38.57335,-121.4138,1
LOC 821,36.65836,-121.66028,1
LOC 822,34.17245,-118.44752,1
LOC 823,37.47009,-122.43495,1
LOC 824,32.63053,-117.08673,1
LOC 825,32.84186,-116.98113,1
LOC 826,40.1619,-122.22729,1
LOC 827,36.31256,-119.34717,1
LOC 828,32.93769,-117.11363,1
LOC 829,37.67289,-122.08507,1
LOC 830,37.70096,-121.91,1
LOC 831,37.46635,-122.2245,1
LOC 832,34.06299,-118.08999,1
LOC 833,37.3002,-121.82186,1
LOC 834,37.88962,-121.62181,1
LOC 835,33.57023,-117.83286,1
LOC 836,33.77286,-118.18913,1
LOC 837,33.82361,-118.32823,1
LOC 838,38.36246,-122.69305,1
LOC 839,38.22141,-122.12891,1
LOC 840,33.07085,-117.07039,1
LOC 841,37.99029,-122.33487,1
LOC 842,38.58899,-121.26595,1
LOC 843,39.47644,-119.80626,1
LOC 844,33.7889,-117.94088,1
LOC 845,34.23634,-119.03858,1
LOC 846,33.91772,-117.93085,1
LOC 847,33.92775,-118.12932,1
LOC 848,34.13452,-117.53724,1
LOC 849,34.43833,-119.74823,1
LOC 850,33.66281,-117.29692,1
LOC 851,33.20108,-117.24467,1
LOC 852,37.77711,-122.39359,1
LOC 853,37.55334,-121.97382,1
LOC 854,36.13017,-115.11811,1
LOC 855,37.68823,-121.0548,1
LOC 856,33.87314,-118.34311,1
LOC 857,34.05573,-118.2703,1
LOC 858,34.98466,-118.94705,1
LOC 859,34.40811,-118.57929,1
LOC 860,35.33844,-119.03349,1
LOC 861,37.26326,-121.9188,1
LOC 862,39.54097,-119.71605,1
LOC 863,37.3041,-121.91412,1
LOC 864,33.80178,-117.22923,1
LOC 865,33.84104,-117.94199,1
LOC 866,33.84131,-118.28542,1
LOC 867,36.68676,-121.80004,1
LOC 868,38.72995,-121.28936,1
LOC 869,34.4061,-118.46607,1
LOC 870,33.99679,-117.71579,1
LOC 871,34.0716,-118.06805,1
LOC 872,38.6135,-121.51662,1
LOC 873,32.75159,-117.20618,1
LOC 874,39.76079,-121.84493,1
LOC 875,37.54459,-122.29278,1
LOC 876,38.59121,-121.55453,1
LOC 877,38.92205,-121.05744,1
LOC 878,34.09035,-118.34425,1
LOC 879,37.75592,-121.46627,1
LOC 880,35.24915,-120.64314,1
LOC 881,32.85116,-117.25387,1
LOC 882,32.60586,-117.08015,1
LOC 883,32.75004,-117.17027,1
LOC 884,38.2586,-122.05391,1
LOC 885,36.22539,-119.33125,1
LOC 886,34.06834,-117.92723,1
LOC 887,34.1949,-118.53565,1
LOC 888,34.10373,-118.07413,1
LOC 889,33.61563,-117.90007,1
LOC 890,32.83115,-117.13069,1
LOC 891,33.49067,-117.69825,1
LOC 892,34.01745,-118.10621,1
LOC 893,33.69163,-117.88775,1
LOC 894,34.10614,-117.5686,1
LOC 895,33.77358,-117.88429,1
LOC 896,38.71389,-121.36644,1
LOC 897,37.45161,-121.92149,1
LOC 898,34.44414,-118.5744,1
LOC 899,38.34844,-122.72089,1
LOC 900,33.59652,-117.67733,1
LOC 901,38.40761,-122.74122,1
LOC 902,37.79042,-122.40575,1
LOC 903,33.94584,-118.33111,1
LOC 904,34.12064,-117.20259,1
LOC 905,37.27485,-121.8575,1
LOC 906,36.51874,-119.55723,1
LOC 907,34.3961,-118.91697,1
LOC 908,34.23534,-118.48596,1
LOC 909,32.67811,-117.08202,1
LOC 910,33.2266,-117.33142,1
LOC 911,39.50528,-119.81685,1
LOC 912,33.96916,-118.16424,1
LOC 913,37.27478,-121.89321,1
LOC 914,38.43963,-122.71614,1
LOC 915,36.16374,-115.15811,1
LOC 916,32.74764,-116.9847,1
LOC 917,34.08042,-118.15212,1
LOC 918,38.02051,-121.29557,1
LOC 919,36.41637,-121.3209,1
LOC 920,33.77203,-118.00701,1
LOC 921,33.82638,-118.35956,1
LOC 922,34.02757,-117.8365,1
LOC 923,33.48585,-117.72421,1
LOC 924,33.81687,-116.52856,1
LOC 925,34.41289,-118.55899,1
LOC 926,36.79442,-119.75647,1
LOC 927,33.67121,-117.65286,1
LOC 928,37.96203,-121.7384,1
LOC 929,34.17174,-118.28945,1
LOC 930,32.6481,-116.96665,1
LOC 931,37.05732,-120.83356,1
LOC 932,33.75738,-116.39155,1
LOC 933,33.75831,-118.02434,1
LOC 934,34.12681,-116.40458,1
LOC 935,38.6772,-121.79689,1
LOC 936,32.66917,-117.02242,1
LOC 937,33.80006,-116.3874,1
LOC 938,33.75954,-117.83369,1
LOC 939,32.73106,-117.16043,1
LOC 940,33.12127,-117.08533,1
LOC 941,33.79365,-118.33008,1
LOC 942,37.69474,-122.08628,1
LOC 943,33.83176,-118.29759,1
LOC 944,34.00306,-118.16717,1
LOC 945,32.99538,-117.25464,1
LOC 946,34.01579,-118.49647,1
LOC 947,37.39816,-121.9237,1
LOC 948,33.69623,-117.76261,1
LOC 949,33.88768,-117.3304,1
LOC 950,33.79586,-118.10801,1
LOC 951,37.76588,-122.40348,1
LOC 952,34.05537,-117.75035,1
LOC 953,37.58585,-122.36508,1
LOC 954,37.64522,-120.99116,1
LOC 955,32.77974,-117.03979,1
LOC 956,33.81848,-117.96005,1
LOC 957,38.64074,-121.50964,1
LOC 958,36.70892,-119.55607,1
LOC 959,36.7943,-119.68266,1
LOC 960,35.12034,-120.60116,1
LOC 961,36.84899,-119.72887,1
LOC 962,38.40923,-121.3535,1
LOC 963,32.904,-117.10042,1
LOC 964,34.00561,-118.15258,1
LOC 965,36.341,-119.34761,1
LOC 966,37.75283,-121.14104,1
LOC 967,33.01598,-117.11086,1
LOC 968,34.43279,-118.59103,1
LOC 969,35.40023,-119.3974,1
LOC 970,37.96456,-121.99313,1
LOC 971,34.07062,-117.97889,1
LOC 972,38.0134,-121.86811,1
LOC 973,34.25991,-118.31305,1
LOC 974,36.09925,-115.29675,1
LOC 975,35.38087,-119.01616,1
LOC 976,33.74882,-118.40714,1
LOC 977,37.80661,-122.42042,1
LOC 978,37.52037,-120.84855,1
LOC 979,38.65853,-120.97262,1
LOC 980,37.27065,-121.94611,1
LOC 981,34.9369,-120.43643,1
LOC 982,39.09512,-120.95024,1
LOC 983,37.77705,-122.41737,1
LOC 984,38.81466,-121.25673,1
LOC 985,34.07559,-117.55827,1
LOC 986,32.90704,-117.17239,1
LOC 987,33.90241,-118.09929,1
LOC 988,35.31125,-120.83113,1
LOC 989,37.25115,-121.86256,1
LOC 990,34.2014,-118.46827,1
LOC 991,37.60969,-120.97469,1
LOC 992,37.95786,-121.29088,1
LOC 993,37.99398,-122.0321,1
LOC 994,37.92867,-122.3213,1
LOC 995,36.80889,-119.78352,1
LOC 996,36.87346,-119.77667,1
LOC 997,36.81375,-119.79074,1
LOC 998,33.946,-117.38638,1
LOC 999,34.08107,-117.719,1
LOC 1000,34.67474,-118.16793,1
LOC 1001,34.67529,-118.11435,1
LOC 1002,38.55079,-121.53847,1
LOC 1003,33.57045,-117.71425,1
LOC 1004,33.84699,-117.9896,1
LOC 1005,33.75853,-117.98997,1
LOC 1006,38.66384,-121.30766,1
LOC 1007,33.14039,-117.09382,1
LOC 1008,32.62911,-117.03975,1
LOC 1009,37.2507,-121.86592,1
LOC 1010,34.95323,-120.41616,1
LOC 1011,32.68471,-117.12853,1
LOC 1012,32.95126,-117.10727,1
LOC 1013,33.50556,-117.14709,1
LOC 1014,38.81859,-121.1893,1
LOC 1015,38.74493,-121.27457,1
LOC 1016,37.41143,-122.09424,1
LOC 1017,32.77146,-117.15808,1
LOC 1018,36.98143,-120.08615,1
LOC 1019,36.21797,-115.16014,1
LOC 1020,33.91908,-118.41336,1
LOC 1021,37.98734,-121.24491,1
LOC 1022,36.76429,-119.71872,1
LOC 1023,32.76668,-115.53288,1
LOC 1024,34.08575,-117.6697,1
LOC 1025,33.8989,-117.49464,1
LOC 1026,34.03272,-118.47527,1
LOC 1027,37.12609,-120.25644,1
LOC 1028,36.80821,-119.74017,1
LOC 1029,37.52057,-121.99094,1
LOC 1030,37.33957,-121.9386,1
LOC 1031,38.78131,-121.28655,1
LOC 1032,34.89084,-116.9993,1
LOC 1033,36.13632,-120.36462,1
LOC 1034,36.87357,-119.74106,1
LOC 1035,37.97988,-122.05606,1
LOC 1036,37.69917,-121.81757,1
LOC 1037,38.64386,-121.38287,1
LOC 1038,35.97472,-114.84562,1
LOC 1039,39.47404,-119.78286,1
LOC 1040,37.73755,-122.19783,1
LOC 1041,36.80659,-119.7759,1
LOC 1042,33.98154,-118.40908,1
LOC 1043,36.15237,-115.24283,1
LOC 1044,34.13909,-118.21537,1
LOC 1045,35.41261,-119.05842,1
LOC 1046,38.67683,-121.19812,1
LOC 1047,38.71329,-120.83898,1
LOC 1048,38.39365,-121.41817,1
LOC 1049,38.55907,-121.46164,1
LOC 1050,35.99814,-115.20641,1
LOC 1051,33.95516,-118.21904,1
LOC 1052,34.23462,-118.46726,1
LOC 1053,37.32328,-121.91397,1
LOC 1054,33.65434,-117.77844,1
LOC 1055,37.79701,-121.19215,1
LOC 1056,37.47716,-120.84919,1
LOC 1057,33.95992,-118.02663,1
LOC 1058,34.02082,-117.95822,1
LOC 1059,36.71969,-121.65553,1
LOC 1060,37.97906,-122.29532,1
LOC 1061,38.78356,-123.01116,1
LOC 1062,38.63208,-121.22019,1
LOC 1063,34.42085,-117.29131,1
LOC 1064,33.67283,-117.95344,1
LOC 1065,32.76828,-117.05334,1
LOC 1066,33.8462,-118.08447,1
LOC 1067,33.62938,-117.70532,1
LOC 1068,35.36885,-119.01844,1
LOC 1069,37.38886,-120.73574,1
LOC 1070,36.10066,-115.05242,1
LOC 1071,36.19871,-115.28287,1
LOC 1072,37.95449,-122.33205,1
LOC 1073,35.13129,-118.46693,1
LOC 1074,38.02111,-122.2612,1
LOC 1075,38.24643,-122.02006,1
LOC 1076,40.80157,-124.16715,1
LOC 1077,34.20006,-118.86752,1
LOC 1078,34.09592,-117.87226,1
LOC 1079,32.6807,-115.4995,1
LOC 1080,34.06315,-118.01938,1
LOC 1081,32.62859,-116.96574,1
LOC 1082,32.79154,-115.57017,1
LOC 1083,37.82393,-122.00378,1
LOC 1084,39.52239,-119.81131,1
LOC 1085,33.97536,-118.12433,1
LOC 1086,33.98894,-118.21377,1
LOC 1087,32.72618,-117.16949,1
LOC 1088,34.18652,-118.91061,1
LOC 1089,39.14501,-121.59165,1
LOC 1090,33.9994,-118.07869,1
LOC 1091,38.5625,-121.76892,1
LOC 1092,38.64202,-121.53256,1
LOC 1093,33.98231,-118.24889,1
LOC 1094,37.63729,-122.4173,1
LOC 1095,33.67106,-117.97075,1
LOC 1096,34.60721,-118.14726,1
LOC 1097,38.42527,-121.48231,1
LOC 1098,35.03548,-120.48617,1
LOC 1099,37.96537,-122.34453,1
LOC 1100,34.13356,-117.63813,1
LOC 1101,35.35579,-119.09264,1
LOC 1102,36.60313,-119.45989,1
LOC 1103,33.57977,-117.66892,1
LOC 1104,33.97506,-117.5609,1
LOC 1105,32.77069,-117.02623,1
LOC 1106,32.74022,-116.94096,1
LOC 1107,34.07141,-117.20427,1
LOC 1108,33.47528,-117.12766,1
LOC 1109,35.64186,-120.68702,1
LOC 1110,37.59517,-122.38611,1
LOC 1111,37.71482,-122.14168,1
LOC 1112,37.84661,-122.29167,1
LOC 1113,37.28564,-121.98222,1
LOC 1114,33.74813,-117.86985,1
LOC 1115,34.11056,-117.53384,1
LOC 1116,32.78061,-116.95649,1
LOC 1117,33.93996,-117.2784,1
LOC 1118,32.87292,-117.21751,1
LOC 1119,37.14397,-121.6645,1
LOC 1120,36.93839,-121.77713,1
LOC 1121,37.98386,-121.34666,1
LOC 1122,37.67776,-120.97624,1
LOC 1123,37.76223,-121.43332,1
LOC 1124,36.11515,-115.11814,1
LOC 1125,37.80798,-122.26547,1
LOC 1126,37.79355,-122.39489,1
LOC 1127,37.76103,-122.43461,1
LOC 1128,37.7946,-122.40269,1
LOC 1129,37.76417,-122.45638,1
LOC 1130,37.79193,-122.39836,1
LOC 1131,37.87044,-122.26604,1
LOC 1132,37.792,-122.3977,1
LOC 1133,37.79219,-122.40354,1
LOC 1134,37.79375,-122.3972,1
LOC 1135,37.79772,-122.40101,1
LOC 1136,34.05338,-118.25347,1
LOC 1137,34.05899,-118.4132,1
LOC 1138,34.05866,-118.41659,1
LOC 1139,34.05019,-118.25364,1
LOC 1140,34.10647,-117.80645,1
LOC 1141,33.75967,-117.85284,1
LOC 1142,33.72185,-117.8264,1
LOC 1143,35.39306,-118.96696,1
LOC 1144,37.50415,-121.97614,1
LOC 1145,39.15201,-123.19554,1
LOC 1146,37.06143,-122.00708,1
LOC 1147,39.4349,-123.80579,1
LOC 1148,40.94036,-124.10133,1
LOC 1149,38.69934,-121.19185,1
LOC 1150,36.23939,-115.11645,1
LOC 1151,36.12595,-115.1895,1
LOC 1152,37.99816,-121.87355,1
LOC 1153,38.05304,-121.37491,1
LOC 1154,33.58291,-117.63246,1
LOC 1155,33.7228,-118.04179,1
LOC 1156,33.59259,-117.12378,1
LOC 1157,36.83665,-119.80787,1
LOC 1158,36.05625,-115.08449,1
LOC 1159,34.19123,-117.35921,1
LOC 1160,37.87169,-122.50974,1
LOC 1161,38.11659,-121.25503,1
LOC 1162,34.06467,-117.96761,1
LOC 1163,33.88773,-118.02925,1
LOC 1164,34.03362,-118.18421,1
LOC 1165,32.7649,-117.1971,1
LOC 1166,38.00243,-121.73181,1
LOC 1167,37.5336,-122.29388,1
LOC 1168,38.25848,-122.03357,1
LOC 1169,38.66358,-121.22717,1
LOC 1170,32.79872,-117.2451,1
LOC 1171,34.4175,-119.6968,1
LOC 1172,33.93901,-117.26179,1
LOC 1173,33.23154,-117.30766,1
LOC 1174,32.70661,-117.00959,1
LOC 1175,33.96689,-118.04811,1
LOC 1176,39.46538,-119.78378,1
LOC 1177,33.87498,-118.14236,1
LOC 1178,33.7752,-118.15261,1
LOC 1179,34.17893,-118.59674,1
LOC 1180,34.07882,-118.11461,1
LOC 1181,32.82031,-116.96196,1
LOC 1182,35.31769,-119.05487,1
LOC 1183,36.74293,-119.77975,1
LOC 1184,36.11488,-115.09164,1
LOC 1185,33.87183,-118.27044,1
LOC 1186,36.97576,-121.96649,1
LOC 1187,37.73231,-120.95754,1
LOC 1188,38.37115,-120.79965,1
LOC 1189,33.84686,-118.11607,1
LOC 1190,35.39761,-119.11099,1
LOC 1191,33.99901,-118.05553,1
LOC 1192,37.89514,-122.10478,1
LOC 1193,34.42689,-117.37648,1
LOC 1194,34.20773,-118.5096,1
LOC 1195,36.32565,-119.67325,1
LOC 1196,37.6089,-120.93921,1
LOC 1197,37.33295,-119.65241,1
LOC 1198,39.5306,-119.8309,1
LOC 1199,35.98771,-119.95927,1
LOC 1200,38.2337,-122.59946,1
LOC 1201,38.42295,-121.37362,1
LOC 1202,40.61037,-122.37128,1
LOC 1203,36.07252,-115.2429,1
LOC 1204,34.04845,-118.33722,1
LOC 1205,34.1077,-117.5365,1
LOC 1206,35.61646,-120.65879,1
LOC 1207,38.24942,-122.04209,1
LOC 1208,37.60673,-122.0638,1
LOC 1209,37.7776,-121.97269,1
LOC 1210,37.33232,-120.46032,1
LOC 1211,33.97871,-118.43781,1
LOC 1212,33.91241,-118.08214,1
LOC 1213,34.12853,-117.83023,1
LOC 1214,33.9372,-117.55705,1
LOC 1215,33.78947,-117.89278,1
LOC 1216,37.62473,-122.41137,1
LOC 1217,36.97647,-121.90033,1
LOC 1218,33.87426,-118.2477,1
LOC 1219,33.94519,-116.50174,1
LOC 1220,38.6429,-121.45635,1
LOC 1221,38.30873,-122.29545,1
LOC 1222,34.15788,-118.37873,1
LOC 1223,33.82351,-117.51576,1
LOC 1224,34.10687,-117.59225,1
LOC 1225,32.85168,-117.21576,1
LOC 1226,34.04706,-117.54838,1
LOC 1227,33.95717,-117.33038,1
LOC 1228,33.55596,-117.18581,1
LOC 1229,33.74405,-118.0153,1
LOC 1230,33.52447,-117.68616,1
LOC 1231,33.85207,-117.78822,1
LOC 1232,34.4241,-119.70576,1
LOC 1233,36.20207,-119.10294,1
LOC 1234,37.71004,-121.92659,1
LOC 1235,38.59837,-121.45074,1
LOC 1236,34.21456,-118.44847,1
LOC 1237,34.08732,-117.89046,1
LOC 1238,38.01312,-121.89033,1
LOC 1239,37.65527,-122.41094,1
LOC 1240,33.19109,-117.35983,1
LOC 1241,36.8446,-119.66458,1
LOC 1242,32.69618,-117.13349,1
LOC 1243,37.33939,-121.84229,1
LOC 1244,34.57953,-118.12503,1
LOC 1245,37.66993,-121.03146,1
LOC 1246,38.66028,-121.32795,1
LOC 1247,37.79509,-122.40051,1
LOC 1248,34.25277,-118.81164,1
LOC 1249,33.74269,-116.30426,1
LOC 1250,34.18684,-118.31787,1
LOC 1251,38.69116,-121.1243,1
LOC 1252,38.42764,-122.74106,1
LOC 1253,39.52731,-119.88178,1
LOC 1254,39.61379,-119.84871,1
LOC 1255,33.84778,-118.26437,1
LOC 1256,34.18363,-118.92167,1
LOC 1257,32.74369,-117.04308,1
LOC 1258,38.21361,-122.14392,1
LOC 1259,37.9476,-122.50942,1
LOC 1260,33.93226,-117.93261,1
LOC 1261,37.35749,-121.81803,1
LOC 1262,38.35005,-121.97683,1
LOC 1263,38.4737,-121.42996,1
LOC 1264,36.83794,-119.72777,1
LOC 1265,34.13318,-117.90789,1
LOC 1266,39.52998,-119.82004,1
LOC 1267,37.72988,-122.19421,1
LOC 1268,32.79412,-116.93487,1
LOC 1269,34.04935,-117.30954,1
LOC 1270,37.4235,-122.1977,1
LOC 1271,37.49938,-120.82559,1
LOC 1272,32.92041,-117.21421,1
LOC 1273,36.60789,-121.85565,1
LOC 1274,37.42681,-122.14394,1
LOC 1275,34.4237,-118.57926,1
LOC 1276,34.47144,-117.24288,1
LOC 1277,36.2738,-115.2519,1
LOC 1278,36.23941,-115.2263,1
LOC 1279,38.59616,-121.3925,1
LOC 1280,33.93563,-117.17898,1
LOC 1281,40.57889,-124.14634,1
LOC 1282,38.18205,-122.25442,1
LOC 1283,33.49559,-117.15146,1
LOC 1284,40.57439,-122.41676,1
LOC 1285,36.84838,-119.79037,1
LOC 1286,36.11452,-115.30455,1
LOC 1287,36.05579,-115.04246,1
LOC 1288,36.19557,-115.12046,1
LOC 1289,34.05086,-118.2422,1
LOC 1290,34.02841,-117.11927,1
LOC 1291,34.06251,-118.34536,1
LOC 1292,38.0842,-122.23427,1
LOC 1293,37.32235,-121.82505,1
LOC 1294,34.06926,-117.20916,1
LOC 1295,33.71586,-117.8849,1
LOC 1296,33.21936,-117.22576,1
LOC 1297,36.83483,-119.87929,1
LOC 1298,32.56728,-116.96542,1
LOC 1299,32.72716,-117.22752,1
LOC 1300,36.6945,-121.596,1
LOC 1301,36.29109,-115.28732,1
LOC 1302,36.05682,-115.24227,1
LOC 1303,35.39806,-118.94937,1
LOC 1304,35.29562,-119.05498,1
LOC 1305,33.832,-118.02977,1
LOC 1306,34.01998,-117.66721,1
LOC 1307,38.42389,-121.41375,1
LOC 1308,37.67911,-122.08335,1
LOC 1309,36.30725,-119.78114,1
LOC 1310,37.64554,-121.01849,1
LOC 1311,34.29579,-118.84381,1
LOC 1312,33.18424,-117.32789,1
LOC 1313,34.55862,-118.04661,1
LOC 1314,34.02842,-117.76077,1
LOC 1315,37.32519,-121.81384,1
LOC 1316,35.94161,-115.11662,1
LOC 1317,32.71813,-117.13403,1
LOC 1318,33.86415,-117.74061,1
LOC 1319,35.5262,-120.70271,1
LOC 1320,33.81644,-118.02927,1
LOC 1321,34.04905,-117.43525,1
LOC 1322,36.62776,-119.68332,1
LOC 1323,36.79316,-119.87245,1
LOC 1324,33.76714,-117.97272,1
LOC 1325,33.77518,-118.1376,1
LOC 1326,36.95316,-120.0829,1
LOC 1327,33.90265,-118.05499,1
LOC 1328,38.58377,-121.49949,1
LOC 1329,38.57532,-121.38259,1
LOC 1330,34.44336,-118.51059,1
LOC 1331,33.5257,-117.15394,1
LOC 1332,36.31922,-119.3142,1
LOC 1333,36.29806,-119.33465,1
LOC 1334,36.06713,-115.04222,1
LOC 1335,36.02401,-115.06294,1
LOC 1336,33.10144,-117.31112,1
LOC 1337,32.71136,-117.15536,1
LOC 1338,34.37204,-118.51632,1
LOC 1339,37.90555,-121.22205,1
LOC 1340,34.92341,-120.42694,1
LOC 1341,33.78304,-116.35645,1
LOC 1342,38.62626,-121.32764,1
LOC 1343,33.51355,-117.10245,1
LOC 1344,39.55697,-119.78235,1
LOC 1345,37.80449,-122.43375,1
LOC 1346,37.8245,-121.28765,1
LOC 1347,34.13717,-117.37108,1
LOC 1348,38.71016,-121.08486,1
LOC 1349,33.89567,-117.47034,1
LOC 1350,37.66453,-122.44549,1
LOC 1351,34.0354,-117.91191,1
LOC 1352,38.8004,-121.29417,1
LOC 1353,36.12859,-115.31456,1
LOC 1354,37.79306,-122.39976,1
LOC 1355,37.94369,-122.05698,1
LOC 1356,37.25872,-122.03232,1
LOC 1357,34.0482,-117.30534,1
LOC 1358,37.34136,-121.91156,1
LOC 1359,32.83387,-116.74968,1
LOC 1360,37.27559,-121.92266,1
LOC 1361,37.42183,-122.09639,1
LOC 1362,37.31088,-121.80966,1
LOC 1363,33.18183,-117.29486,1
LOC 1364,38.32901,-122.69752,1
LOC 1365,33.89834,-118.00671,1
LOC 1366,37.2303,-121.97974,1
LOC 1367,33.94436,-117.22603,1
LOC 1368,34.06323,-117.28465,1
LOC 1369,37.78736,-122.40318,1
LOC 1370,37.7029,-122.12594,1
LOC 1371,38.5726,-121.57978,1
LOC 1372,36.07736,-115.29799,1
LOC 1373,38.004,-121.80616,1
LOC 1374,33.66032,-117.66868,1
LOC 1375,34.50686,-117.39971,1
LOC 1376,33.848,-118.02805,1
LOC 1377,34.16523,-117.27906,1
LOC 1378,33.83521,-117.91403,1
LOC 1379,33.12749,-117.0937,1
LOC 1380,34.47033,-117.29255,1
LOC 1381,37.28874,-120.45417,1
LOC 1382,37.3731,-121.87294,1
LOC 1383,37.30866,-121.97792,1
LOC 1384,36.28786,-115.17856,1
LOC 1385,33.99488,-117.90704,1
LOC 1386,37.55633,-121.95235,1
LOC 1387,37.25366,-121.95256,1
LOC 1388,38.65643,-121.38407,1
LOC 1389,38.12255,-122.60332,1
LOC 1390,37.96808,-122.52182,1
LOC 1391,38.4998,-122.75008,1
LOC 1392,38.39462,-122.81854,1
LOC 1393,36.144,-115.15427,1
LOC 1394,40.19132,-122.23693,1
LOC 1395,34.05207,-118.26327,1
LOC 1396,39.10043,-121.61621,1
LOC 1397,36.17359,-115.11668,1
LOC 1398,33.90174,-118.1256,1
LOC 1399,34.011,-117.73597,1
LOC 1400,32.68367,-114.64885,1
LOC 1401,33.96109,-118.11073,1
LOC 1402,36.80829,-119.77137,1
LOC 1403,37.71183,-120.95789,1
LOC 1404,37.41575,-122.07769,1
LOC 1405,33.84507,-117.22421,1
LOC 1406,33.98286,-117.33961,1
LOC 1407,37.73187,-122.13968,1
LOC 1408,36.98682,-121.96456,1
LOC 1409,38.19177,-120.82483,1
LOC 1410,34.85069,-117.08496,1
LOC 1411,38.1118,-122.56822,1
LOC 1412,33.80741,-117.86994,1
LOC 1413,36.06483,-119.01596,1
LOC 1414,37.50294,-122.25718,1
LOC 1415,38.03732,-121.26075,1
LOC 1416,35.99675,-115.12774,1
LOC 1417,33.83286,-117.92844,1
LOC 1418,37.82555,-121.2363,1
LOC 1419,37.77134,-120.83539,1
LOC 1420,34.19864,-118.32709,1
LOC 1421,39.74657,-121.85155,1
LOC 1422,32.66114,-116.97066,1
LOC 1423,33.69046,-117.34205,1
LOC 1424,33.80333,-118.07075,1
LOC 1425,32.77981,-117.1028,1
LOC 1426,37.96141,-121.26979,1
LOC 1427,33.83311,-118.34786,1
LOC 1428,39.57621,-119.74026,1
LOC 1429,33.13083,-117.26054,1
LOC 1430,34.49539,-118.62199,1
LOC 1431,33.98343,-117.71396,1
LOC 1432,37.33717,-122.0667,1
LOC 1433,37.66593,-122.11856,1
LOC 1434,32.81143,-117.20062,1
LOC 1435,37.78413,-122.40736,1
LOC 1436,37.80534,-122.41511,1
LOC 1437,37.29276,-121.91323,1
LOC 1438,34.16857,-118.61594,1
LOC 1439,39.52065,-119.74072,1
LOC 1440,35.3536,-118.91459,1
LOC 1441,39.36574,-121.68822,1
LOC 1442,32.5847,-117.06121,1
LOC 1443,32.76472,-117.02579,1
LOC 1444,34.04152,-118.26231,1
LOC 1445,34.11644,-118.26294,1
LOC 1446,37.81171,-122.26721,1
LOC 1447,38.5471,-121.42816,1
LOC 1448,37.79886,-120.99755,1
LOC 1449,33.66843,-117.76347,1
LOC 1450,33.94536,-117.45436,1
LOC 1451,33.72442,-117.79309,1
LOC 1452,34.07243,-117.88185,1
LOC 1453,33.83837,-117.95865,1
LOC 1454,37.36106,-120.59387,1
LOC 1455,37.34401,-120.61568,1
LOC 1456,33.66243,-117.89713,1
LOC 1457,36.20356,-121.13696,1
LOC 1458,38.87299,-121.30322,1
LOC 1459,33.74429,-117.1914,1
LOC 1460,32.8017,-117.15712,1
LOC 1461,36.32645,-119.32932,1
LOC 1462,37.76822,-122.23245,1
LOC 1463,33.81772,-117.91467,1
LOC 1464,33.65218,-117.74541,1
LOC 1465,40.58968,-122.3523,1
LOC 1466,37.58833,-122.06645,1
LOC 1467,34.07711,-118.13411,1
LOC 1468,39.0421,-121.09356,1
LOC 1469,33.97464,-117.83767,1
LOC 1470,34.10696,-117.45184,1
LOC 1471,33.77426,-117.90264,1
LOC 1472,33.68781,-117.98845,1
LOC 1473,34.04876,-118.25504,1
LOC 1474,38.32068,-122.31065,1
LOC 1475,33.94572,-117.41628,1
LOC 1476,38.78415,-121.2714,1
LOC 1477,38.60406,-121.40175,1
LOC 1478,37.77019,-122.40346,1
LOC 1479,37.49308,-120.87429,1
LOC 1480,36.29219,-119.31429,1
LOC 1481,37.87779,-122.07292,1
LOC 1482,37.65076,-121.80446,1
LOC 1483,38.13769,-121.28808,1
LOC 1484,38.72978,-121.27239,1
LOC 1485,38.6808,-121.33318,1
LOC 1486,38.41244,-122.71292,1
LOC 1487,33.16281,-117.21857,1
LOC 1488,35.38323,-119.14888,1
LOC 1489,37.29465,-121.96282,1
LOC 1490,34.23436,-118.25596,1
LOC 1491,37.7877,-122.251,1
LOC 1492,33.69731,-117.74078,1
LOC 1493,33.65312,-117.75041,1
LOC 1494,33.88948,-118.14409,1
LOC 1495,36.06556,-119.03835,1
LOC 1496,33.88289,-117.36955,1
LOC 1497,34.1024,-117.29677,1
LOC 1498,37.52311,-120.88114,1
LOC 1499,33.59963,-117.17575,1
LOC 1500,33.90016,-117.55859,1
LOC 1501,32.7363,-117.21705,1
LOC 1502,37.97573,-120.34285,1
LOC 1503,39.1324,-123.19912,1
LOC 1504,34.15708,-118.6056,1
LOC 1505,36.06272,-115.22431,1
LOC 1506,37.15582,-121.65085,1
LOC 1507,34.06421,-117.61133,1
LOC 1508,38.49641,-121.4329,1
LOC 1509,34.07041,-117.26161,1
LOC 1510,37.28977,-121.84793,1
LOC 1511,34.17292,-118.55706,1
LOC 1512,40.43191,-122.28728,1
LOC 1513,33.84518,-116.47773,1
LOC 1514,37.79661,-121.23531,1
LOC 1515,33.55056,-117.67108,1
LOC 1516,37.59468,-120.99255,1
LOC 1517,38.69389,-121.29166,1
LOC 1518,33.73989,-118.2921,1
LOC 1519,34.135,-118.25809,1
LOC 1520,34.28539,-118.50126,1
LOC 1521,37.36605,-121.82799,1
LOC 1522,37.37093,-121.91719,1
LOC 1523,33.90505,-118.39405,1
LOC 1524,36.27052,-115.20654,1
LOC 1525,37.97622,-121.80099,1
LOC 1526,34.12959,-118.34854,1
LOC 1527,34.06265,-118.35389,1
LOC 1528,34.0606,-118.20567,1
LOC 1529,38.05418,-122.15418,1
LOC 1530,33.97143,-117.68919,1
LOC 1531,34.70432,-118.16503,1
LOC 1532,34.04915,-117.2257,1
LOC 1533,34.04465,-118.26607,1
LOC 1534,34.07198,-117.78833,1
LOC 1535,38.45326,-122.77115,1
LOC 1536,37.60842,-122.02292,1
LOC 1537,36.21868,-115.32462,1
LOC 1538,34.12372,-118.21956,1
LOC 1539,33.88734,-117.52093,1
LOC 1540,35.77628,-119.25146,1
LOC 1541,34.20093,-118.40799,1
LOC 1542,38.08204,-122.19358,1
LOC 1543,34.03921,-118.26096,1
LOC 1544,37.78612,-121.25396,1
LOC 1545,40.53022,-122.38129,1
LOC 1546,38.6607,-121.3628,1
LOC 1547,36.69119,-121.65267,1
LOC 1548,37.99964,-121.28927,1
LOC 1549,38.51026,-122.78061,1
LOC 1550,38.58427,-121.28453,1
LOC 1551,38.54175,-121.4084,1
LOC 1552,32.7279,-117.21768,1
LOC 1553,35.44073,-119.07585,1
LOC 1554,37.35259,-122.00779,1
LOC 1555,38.45937,-121.41557,1
LOC 1556,32.76355,-117.12159,1
LOC 1557,36.04175,-115.13544,1
LOC 1558,34.13324,-117.61656,1
LOC 1559,32.67203,-114.62375,1
LOC 1560,33.75809,-118.08202,1
LOC 1561,39.58369,-119.74096,1
LOC 1562,38.69759,-121.00211,1
LOC 1563,38.26857,-122.63931,1
LOC 1564,36.10296,-115.13657,1
LOC 1565,36.0857,-115.11945,1
LOC 1566,37.63852,-120.9248,1
LOC 1567,37.30209,-121.86429,1
LOC 1568,38.00189,-121.84015,1
LOC 1569,33.63414,-117.91658,1
LOC 1570,33.68071,-117.90637,1
LOC 1571,33.46635,-117.7036,1
LOC 1572,33.67184,-117.84581,1
LOC 1573,33.54318,-117.78603,1
LOC 1574,33.52684,-117.717,1
LOC 1575,34.03424,-118.69355,1
LOC 1576,33.6011,-117.67383,1
LOC 1577,33.65679,-117.86556,1
LOC 1578,33.78763,-117.85364,1
LOC 1579,33.50164,-117.66255,1
LOC 1580,33.58784,-117.72147,1
LOC 1581,38.77216,-121.31,1
LOC 1582,37.65664,-121.90017,1
LOC 1583,39.14199,-121.64457,1
LOC 1584,39.12698,-121.6361,1
LOC 1585,34.16337,-118.26478,1
LOC 1586,33.89668,-118.3521,1
LOC 1587,33.60823,-117.82739,1
LOC 1588,32.74708,-116.96144,1
LOC 1589,33.95605,-118.39596,1
LOC 1590,37.80063,-121.91958,1
LOC 1591,37.3374,-121.8884,1
LOC 1592,33.70692,-116.27147,1
LOC 1593,37.76706,-122.39366,1
LOC 1594,37.78907,-122.40842,1
LOC 1595,36.54565,-119.40036,1
LOC 1596,34.02677,-118.37179,1
LOC 1597,37.67132,-122.46421,1
LOC 1598,35.2455,-120.67328,1
LOC 1599,34.13284,-118.14783,1
LOC 1600,38.25455,-122.06648,1
LOC 1601,33.54053,-117.14391,1
LOC 1602,33.68427,-117.17511,1
LOC 1603,32.83835,-116.99489,1
LOC 1604,39.60639,-119.22274,1
LOC 1605,37.79925,-122.44935,1
LOC 1606,38.5484,-122.8109,1
LOC 1607,37.50208,-122.24638,1
LOC 1608,33.92735,-118.38372,1
LOC 1609,34.09777,-118.36522,1
LOC 1610,32.69807,-114.59935,1
LOC 1611,37.53259,-122.0023,1
LOC 1612,38.61334,-121.27048,1
LOC 1613,33.14635,-117.24157,1
LOC 1614,33.62971,-117.91003,1
LOC 1615,34.05605,-118.23577,1
LOC 1616,37.92681,-122.05496,1
LOC 1617,34.1019,-118.34138,1
LOC 1618,36.09963,-115.17216,1
LOC 1619,32.85519,-116.93149,1
LOC 1620,33.92198,-118.09789,1
LOC 1621,37.71086,-121.43361,1
LOC 1622,33.76041,-117.8854,1
LOC 1623,34.07168,-118.0249,1
LOC 1624,37.81023,-121.99013,1
LOC 1625,36.60081,-121.89431,1
LOC 1626,32.70488,-117.18847,1
LOC 1627,37.92771,-122.51713,1
LOC 1628,38.57775,-121.49141,1
LOC 1629,33.74766,-117.45384,1
LOC 1630,33.67671,-117.86358,1
LOC 1631,34.41936,-119.70437,1
LOC 1632,33.06554,-117.29341,1
LOC 1633,36.53839,-121.90964,1
LOC 1634,32.60343,-117.08375,1
LOC 1635,34.24068,-119.17893,1
LOC 1636,34.23724,-118.58893,1
LOC 1637,36.64994,-121.79393,1
LOC 1638,33.78159,-118.02937,1
LOC 1639,34.20527,-118.22782,1
LOC 1640,33.92819,-118.19876,1
LOC 1641,37.79673,-122.39487,1
LOC 1642,36.11526,-115.17533,1
LOC 1643,33.7298,-117.99536,1
LOC 1644,36.80858,-119.82823,1
LOC 1645,34.10146,-118.32649,1
LOC 1646,33.25079,-117.30076,1
LOC 1647,37.99473,-122.10597,1
LOC 1648,37.41737,-122.13061,1
LOC 1649,38.7731,-121.27057,1
LOC 1650,37.42412,-122.17086,1
LOC 1651,34.04548,-118.26139,1
LOC 1652,33.03958,-116.87398,1
LOC 1653,33.69763,-117.83472,1
LOC 1654,34.00687,-118.41254,1
LOC 1655,34.01858,-118.28176,1
LOC 1656,34.07697,-118.03983,1
LOC 1657,33.77787,-117.95818,1
LOC 1658,37.78961,-122.39755,1
LOC 1659,33.79602,-118.12486,1
LOC 1660,38.23863,-122.63532,1
LOC 1661,38.29922,-122.28569,1
LOC 1662,33.80794,-117.91934,1
LOC 1663,35.33435,-119.07358,1
LOC 1664,34.00978,-117.8595,1
LOC 1665,34.17879,-118.85814,1
LOC 1666,33.916,-117.32524,1
LOC 1667,34.08677,-117.69362,1
LOC 1668,37.28009,-121.9999,1
LOC 1669,33.89094,-117.20795,1
LOC 1670,38.67885,-121.26522,1
LOC 1671,33.85838,-118.0305,1
LOC 1672,34.01907,-118.1535,1
LOC 1673,37.67059,-120.95721,1
LOC 1674,34.06145,-118.29952,1
LOC 1675,33.85061,-117.88885,1
LOC 1676,33.65742,-117.98797,1
LOC 1677,34.07368,-117.5523,1
LOC 1678,34.23873,-118.55605,1
LOC 1679,38.74415,-121.22362,1
LOC 1680,34.16204,-118.28915,1
LOC 1681,37.42925,-121.90933,1
LOC 1682,37.6985,-121.84526,1
LOC 1683,34.04588,-118.25128,1
LOC 1684,37.63364,-122.11173,1
LOC 1685,34.15669,-118.4374,1
LOC 1686,36.10692,-115.17773,1
LOC 1687,36.5976,-121.87684,1
LOC 1688,35.60996,-115.3929,1
LOC 1689,32.67187,-114.44166,1
LOC 1690,38.10046,-121.26601,1
LOC 1691,34.15786,-118.63477,1
LOC 1692,37.40278,-122.11228,1
LOC 1693,36.10878,-115.16962,1
LOC 1694,36.10633,-115.17345,1
LOC 1695,34.22098,-118.50214,1
LOC 1696,33.80856,-117.92186,1
LOC 1697,33.73913,-118.00662,1
LOC 1698,32.80817,-116.9585,1
LOC 1699,34.67516,-118.14755,1
LOC 1700,34.14227,-118.07323,1
LOC 1701,33.57457,-117.1785,1
LOC 1702,37.44785,-122.12624,1
LOC 1703,33.88146,-117.8851,1
LOC 1704,32.64829,-117.05869,1
LOC 1705,33.82868,-118.14297,1
LOC 1706,34.18353,-118.88736,1
LOC 1707,34.168,-118.32194,1
LOC 1708,33.87783,-117.65991,1
LOC 1709,32.83471,-117.18737,1
LOC 1710,33.63736,-117.86206,1
LOC 1711,38.45826,-122.73049,1
LOC 1712,33.81089,-117.91882,1
LOC 1713,32.75429,-117.22326,1
LOC 1714,33.86015,-117.94213,1
LOC 1715,39.71525,-121.79483,1
LOC 1716,34.11487,-118.18333,1
LOC 1717,34.05879,-118.24034,1
LOC 1718,34.02426,-118.49168,1
LOC 1719,32.96244,-115.54832,1
LOC 1720,34.12951,-117.97116,1
LOC 1721,32.71033,-117.17057,1
LOC 1722,34.45102,-118.62466,1
LOC 1723,34.11086,-117.53019,1
LOC 1724,37.31988,-121.97308,1
LOC 1725,33.96054,-117.59447,1
LOC 1726,37.23603,-121.91462,1
LOC 1727,38.92268,-121.05897,1
LOC 1728,36.31159,-119.31512,1
LOC 1729,34.41838,-118.50297,1
LOC 1730,37.37884,-122.07074,1
LOC 1731,38.65077,-121.12073,1
LOC 1732,32.96651,-117.0897,1
LOC 1733,33.83171,-118.07409,1
LOC 1734,33.78781,-117.83637,1
LOC 1735,33.72808,-117.83744,1
LOC 1736,37.40301,-121.93313,1
LOC 1737,34.42666,-118.42525,1
LOC 1738,33.72466,-117.83502,1
LOC 1739,36.9795,-122.0211,1
LOC 1740,33.79753,-118.30716,1
LOC 1741,38.00572,-121.3532,1
LOC 1742,34.2348,-118.53579,1
LOC 1743,38.48069,-121.51666,1
LOC 1744,34.02761,-117.59374,1
LOC 1745,34.04486,-118.5516,1
LOC 1746,38.80133,-121.20422,1
LOC 1747,34.17163,-118.3968,1
LOC 1748,37.75922,-121.95793,1
LOC 1749,38.57734,-121.48574,1
LOC 1750,34.16682,-118.58851,1
LOC 1751,34.00389,-117.65124,1
LOC 1752,37.41966,-122.20279,1
LOC 1753,37.90212,-122.06498,1
LOC 1754,33.43961,-117.62772,1
LOC 1755,37.24864,-121.80313,1
LOC 1756,38.36068,-122.72253,1
LOC 1757,33.12143,-117.31391,1
LOC 1758,33.87684,-118.21794,1
LOC 1759,38.68532,-121.33946,1
LOC 1760,33.98789,-118.25716,1
LOC 1761,34.07124,-117.43532,1
LOC 1762,32.76958,-117.14745,1
LOC 1763,33.91551,-117.88626,1
LOC 1764,34.01207,-118.48304,1
LOC 1765,32.7717,-117.13971,1
LOC 1766,36.02164,-115.08925,1
LOC 1767,37.94412,-121.73941,1
LOC 1768,38.67667,-121.74626,1
LOC 1769,38.3674,-121.96211,1
LOC 1770,36.11734,-115.17192,1
LOC 1771,34.21626,-119.05904,1
LOC 1772,32.98155,-117.25125,1
LOC 1773,37.41758,-121.87578,1
LOC 1774,33.81032,-117.91801,1
LOC 1775,36.51455,-121.43684,1
LOC 1776,34.07038,-117.14059,1
LOC 1777,33.26769,-116.95585,1
LOC 1778,36.11774,-115.17543,1
LOC 1779,34.01065,-118.49155,1
LOC 1780,34.15887,-118.37125,1
LOC 1781,32.66061,-117.1055,1
LOC 1782,33.55756,-117.66897,1
LOC 1783,38.00572,-121.75278,1
LOC 1784,34.61123,-120.1869,1
LOC 1785,34.0247,-118.2202,1
LOC 1786,33.55715,-117.68533,1
LOC 1787,34.06151,-118.29124,1
LOC 1788,37.89316,-122.05886,1
LOC 1789,38.67006,-121.16172,1
LOC 1790,33.08182,-117.2333,1
LOC 1791,36.05355,-115.16904,1
LOC 1792,38.13195,-122.25552,1
LOC 1793,34.08692,-118.33885,1
LOC 1794,37.70581,-121.85211,1
LOC 1795,33.75991,-117.95462,1
LOC 1796,32.77226,-117.25097,1
LOC 1797,33.668,-117.88332,1
LOC 1798,34.00324,-118.4337,1
LOC 1799,33.81018,-118.10552,1
LOC 1800,37.96144,-122.32684,1
LOC 1801,37.69905,-121.8729,1
LOC 1802,38.36615,-121.95407,1
LOC 1803,36.67064,-121.64152,1
LOC 1804,36.11916,-115.17375,1
LOC 1805,33.97648,-118.41757,1
LOC 1806,34.09783,-118.32643,1
LOC 1807,39.60804,-119.69717,1
LOC 1808,38.38482,-121.93416,1
LOC 1809,34.04697,-117.24314,1
LOC 1810,33.77524,-117.87068,1
LOC 1811,34.15872,-118.13272,1
LOC 1812,37.41404,-121.8956,1
LOC 1813,34.06622,-117.32238,1
LOC 1814,34.15276,-118.34139,1
LOC 1815,33.18987,-117.2798,1
LOC 1816,34.04444,-117.94955,1
LOC 1817,34.14258,-118.23509,1
LOC 1818,33.17078,-117.21664,1
LOC 1819,34.69134,-118.17214,1
LOC 1820,33.81199,-118.18111,1
LOC 1821,33.85176,-117.92374,1
LOC 1822,34.05493,-117.17493,1
LOC 1823,36.85224,-119.77317,1
LOC 1824,34.14076,-118.35675,1
LOC 1825,34.19502,-118.44916,1
LOC 1826,36.61616,-121.90415,1
LOC 1827,34.02432,-118.46083,1
LOC 1828,33.72635,-117.78868,1
LOC 1829,33.20293,-117.36711,1
LOC 1830,34.61301,-118.19965,1
LOC 1831,37.31515,-121.87218,1
LOC 1832,34.0679,-117.75173,1
LOC 1833,33.83404,-117.83658,1
LOC 1834,34.03063,-118.00872,1
LOC 1835,36.71807,-121.65823,1
LOC 1836,37.53136,-121.95936,1
LOC 1837,34.08707,-117.90815,1
LOC 1838,34.13845,-117.44147,1
LOC 1839,32.70768,-117.15998,1
LOC 1840,33.76955,-118.19771,1
LOC 1841,33.64642,-117.83901,1
LOC 1842,34.02642,-118.2775,1
LOC 1843,35.36785,-119.04491,1
LOC 1844,40.1832,-122.21859,1
LOC 1845,37.97875,-122.06691,1
LOC 1846,33.12222,-117.12177,1
LOC 1847,37.64847,-122.49053,1
LOC 1848,34.04818,-118.25828,1
LOC 1849,33.97292,-118.07365,1
LOC 1850,33.94721,-118.08654,1
LOC 1851,34.99012,-118.94126,1
LOC 1852,34.08452,-117.68915,1
LOC 1853,38.02001,-121.32392,1
LOC 1854,37.38719,-121.86185,1
LOC 1855,32.94991,-117.24714,1
LOC 1856,36.6659,-121.8101,1
LOC 1857,37.99856,-122.28655,1
LOC 1858,37.70564,-121.88867,1
LOC 1859,37.66074,-121.87602,1
LOC 1860,32.87706,-117.23793,1
LOC 1861,38.55039,-121.69505,1
LOC 1862,32.96122,-117.19118,1
LOC 1863,33.78228,-117.8649,1
LOC 1864,34.10765,-118.27311,1
LOC 1865,34.04897,-118.25186,1
LOC 1866,34.09465,-118.3095,1
LOC 1867,34.97111,-120.43587,1
LOC 1868,34.02462,-118.2843,1
LOC 1869,32.75561,-117.13535,1
LOC 1870,34.21929,-119.15947,1
LOC 1871,33.90169,-118.30013,1
LOC 1872,33.9618,-118.36637,1
LOC 1873,34.10647,-117.88988,1
LOC 1874,34.30867,-118.43138,1
LOC 1875,34.8646,-120.41918,1
LOC 1876,34.03672,-118.09454,1
LOC 1877,37.68819,-120.9947,1
LOC 1878,34.57582,-118.04547,1
LOC 1879,32.88886,-117.12443,1
LOC 1880,37.4863,-122.22992,1
LOC 1881,37.37648,-122.03156,1
LOC 1882,37.77123,-122.38931,1
LOC 1883,37.22673,-121.77565,1
LOC 1884,37.92835,-122.01624,1
LOC 1885,34.01397,-118.49319,1
LOC 1886,35.35126,-119.12008,1
LOC 1887,32.58371,-117.11476,1
LOC 1888,33.92415,-118.15277,1
LOC 1889,36.73469,-120.04278,1
LOC 1890,33.91676,-118.12509,1
LOC 1891,33.13164,-117.22963,1
LOC 1892,33.37147,-117.25312,1
LOC 1893,33.47902,-117.13633,1
LOC 1894,32.9344,-117.06131,1
LOC 1895,36.16562,-115.15576,1
LOC 1896,34.15024,-118.09398,1
LOC 1897,33.18992,-117.23828,1
LOC 1898,37.77417,-121.97856,1
LOC 1899,36.10111,-115.11857,1
LOC 1900,36.05948,-115.27877,1
LOC 1901,33.96175,-118.42007,1
LOC 1902,33.93065,-118.35314,1
LOC 1903,33.68473,-117.1518,1
LOC 1904,34.13598,-117.19727,1
LOC 1905,37.33667,-121.88011,1
LOC 1906,34.12274,-118.07253,1
LOC 1907,33.69342,-117.8926,1
LOC 1908,38.69048,-121.38292,1
LOC 1909,33.56171,-117.62905,1
LOC 1910,33.62994,-117.7179,1
LOC 1911,34.42575,-117.38579,1
LOC 1912,33.7893,-118.30867,1
LOC 1913,34.02534,-118.23985,1
LOC 1914,32.83704,-116.96693,1
LOC 1915,35.31807,-119.03039,1
LOC 1916,33.9853,-118.05777,1
LOC 1917,34.02725,-118.42776,1
LOC 1918,33.9456,-118.38732,1
LOC 1919,34.03125,-117.66811,1
LOC 1920,36.96263,-121.98851,1
LOC 1921,36.19376,-115.16117,1
LOC 1922,36.83795,-119.75336,1
LOC 1923,37.01948,-120.13152,1
LOC 1924,34.18178,-118.38451,1
LOC 1925,33.83753,-118.30886,1
LOC 1926,34.07293,-117.5546,1
LOC 1927,39.74884,-122.2046,1
LOC 1928,33.81841,-117.88826,1
LOC 1929,34.19905,-118.60574,1
LOC 1930,38.93876,-121.09655,1
LOC 1931,39.15553,-122.14648,1
LOC 1932,39.49852,-121.57013,1
LOC 1933,38.58798,-121.30593,1
LOC 1934,38.56957,-121.47125,1
LOC 1935,36.21248,-119.34906,1
LOC 1936,34.043,-118.03246,1
LOC 1937,34.15442,-118.44778,1
LOC 1938,33.92184,-116.80498,1
LOC 1939,34.22115,-118.36701,1
LOC 1940,36.77166,-119.83531,1
LOC 1941,36.13798,-115.16536,1
LOC 1942,33.77391,-117.93832,1
LOC 1943,37.25889,-121.8735,1
LOC 1944,33.76555,-118.19266,1
LOC 1945,37.24182,-121.93164,1
LOC 1946,34.28323,-118.76858,1
LOC 1947,33.83151,-118.23985,1
LOC 1948,35.41228,-119.11137,1
LOC 1949,34.04932,-118.24203,1
LOC 1950,33.86443,-118.35208,1
LOC 1951,34.02575,-118.30867,1
LOC 1952,33.99565,-117.05864,1
LOC 1953,36.14406,-115.18585,1
LOC 1954,34.11113,-118.28719,1
LOC 1955,34.10757,-118.03127,1
LOC 1956,34.15495,-118.32415,1
LOC 1957,33.90144,-118.08231,1
LOC 1958,33.02073,-117.12535,1
LOC 1959,34.04613,-118.37617,1
LOC 1960,34.04757,-117.81086,1
LOC 1961,34.06716,-118.3443,1
LOC 1962,38.29074,-121.31074,1
LOC 1963,36.03606,-115.04783,1
LOC 1964,33.64613,-117.74419,1
LOC 1965,34.15085,-118.01827,1
LOC 1966,32.75632,-117.03952,1
LOC 1967,33.67779,-117.67709,1
LOC 1968,38.57448,-121.4164,1
LOC 1969,34.13338,-117.92637,1
LOC 1970,34.11596,-117.8315,1
LOC 1971,36.83758,-119.84709,1
LOC 1972,33.73621,-118.29214,1
LOC 1973,37.66898,-121.85738,1
LOC 1974,37.91996,-122.3475,1
LOC 1975,37.96993,-121.28836,1
LOC 1976,36.001,-115.08367,1
LOC 1977,33.86119,-118.09343,1
LOC 1978,34.06379,-118.28394,1
LOC 1979,36.57683,-119.63213,1
LOC 1980,36.10942,-115.17348,1
LOC 1981,34.23576,-118.5539,1
LOC 1982,35.64494,-120.66032,1
LOC 1983,37.00578,-121.55061,1
LOC 1984,33.76642,-118.18384,1
LOC 1985,34.10732,-117.74019,1
LOC 1986,33.90352,-118.15061,1
LOC 1987,33.98816,-118.39269,1
LOC 1988,33.83219,-118.16443,1
LOC 1989,39.51856,-119.88746,1
LOC 1990,35.38455,-119.04351,1
LOC 1991,32.67716,-117.09208,1
LOC 1992,35.33924,-119.04651,1
LOC 1993,33.77402,-117.99244,1
LOC 1994,33.86046,-118.15031,1
LOC 1995,34.0897,-118.05409,1
LOC 1996,34.27235,-118.46785,1
LOC 1997,36.32661,-119.60474,1
LOC 1998,34.12855,-117.86641,1
LOC 1999,38.53051,-121.95623,1
LOC 2000,37.79605,-122.27614,1
LOC 2001,37.81896,-122.26236,1
LOC 2002,34.06364,-117.70751,1
LOC 2003,37.2564,-121.79253,1
LOC 2004,34.04223,-118.25987,1
LOC 2005,33.03316,-117.08029,1
LOC 2006,32.97916,-117.08372,1
LOC 2007,37.74122,-122.38775,1
LOC 2008,34.27651,-119.22634,1
LOC 2009,33.93698,-117.40631,1
LOC 2010,34.06292,-118.0423,1
LOC 2011,36.60883,-121.92311,1
LOC 2012,33.15157,-117.3371,1
LOC 2013,37.78823,-122.39362,1
LOC 2014,38.58014,-121.49817,1
LOC 2015,36.83484,-119.91824,1
LOC 2016,36.1587,-115.07657,1
LOC 2017,34.06341,-117.43055,1
LOC 2018,34.12172,-117.53835,1
LOC 2019,37.8843,-122.29813,1
LOC 2020,38.68409,-121.4548,1
LOC 2021,38.46407,-121.49229,1
LOC 2022,33.81073,-117.22701,1
LOC 2023,34.03914,-118.26443,1
LOC 2024,38.57819,-121.49414,1
LOC 2025,38.3637,-122.71571,1
LOC 2026,34.08136,-118.06437,1
LOC 2027,38.11496,-121.27949,1
LOC 2028,34.24247,-119.01081,1
LOC 2029,38.66356,-121.26249,1
LOC 2030,33.88361,-117.92475,1
LOC 2031,38.59546,-121.42777,1
LOC 2032,36.61295,-121.84336,1
LOC 2033,38.46767,-122.74662,1
LOC 2034,34.41156,-119.8481,1
LOC 2035,37.61467,-122.08754,1
LOC 2036,38.3629,-121.96555,1
LOC 2037,36.07199,-115.10049,1
LOC 2038,33.68398,-117.84996,1
LOC 2039,39.75758,-121.62475,1
LOC 2040,33.82106,-116.40755,1
LOC 2041,32.62046,-116.96771,1
LOC 2042,36.0406,-115.18874,1
LOC 2043,36.11432,-115.17348,1
LOC 2044,38.5593,-121.44114,1
LOC 2045,37.79284,-122.40429,1
LOC 2046,38.35204,-121.95278,1
LOC 2047,33.98821,-118.18518,1
LOC 2048,38.55833,-121.24339,1
LOC 2049,36.16591,-115.14751,1
LOC 2050,34.0145,-118.13034,1
LOC 2051,33.80725,-118.35768,1
LOC 2052,33.95349,-118.13048,1
LOC 2053,33.97752,-118.36993,1
LOC 2054,33.52091,-117.61872,1
LOC 2055,36.10045,-115.18739,1
LOC 2056,32.79115,-117.02078,1
LOC 2057,37.40206,-121.94018,1
LOC 2058,34.05421,-118.26304,1
LOC 2059,33.95207,-118.18679,1
LOC 2060,34.20078,-118.57052,1
LOC 2061,37.36761,-121.9941,1
LOC 2062,36.32467,-119.2778,1
LOC 2063,34.04189,-117.15729,1
LOC 2064,33.66727,-117.26498,1
LOC 2065,34.01709,-118.40541,1
LOC 2066,32.79435,-117.19367,1
LOC 2067,32.81301,-117.153,1
LOC 2068,33.65744,-117.74834,1
LOC 2069,38.53846,-121.49026,1
LOC 2070,37.72337,-121.94304,1
LOC 2071,33.91501,-117.58911,1
LOC 2072,34.63873,-120.45384,1
LOC 2073,34.06304,-118.27233,1
LOC 2074,33.99887,-117.52292,1
LOC 2075,34.03473,-118.70428,1
LOC 2076,34.38269,-117.41359,1
LOC 2077,34.69763,-118.14597,1
LOC 2078,37.98965,-121.78446,1
LOC 2079,37.32312,-122.05465,1
LOC 2080,39.64053,-119.71103,1
LOC 2081,34.16509,-118.52528,1
LOC 2082,33.88692,-118.10042,1
LOC 2083,36.6764,-121.65569,1
LOC 2084,34.05568,-118.20455,1
LOC 2085,37.3811,-121.9744,1
LOC 2086,37.29268,-121.99621,1
LOC 2087,37.76283,-121.96017,1
LOC 2088,34.20157,-118.43046,1
LOC 2089,34.12207,-117.68983,1
LOC 2090,32.59445,-117.04158,1
LOC 2091,39.52951,-119.81416,1
LOC 2092,35.60126,-119.35045,1
LOC 2093,37.89713,-122.06162,1
LOC 2094,33.13318,-117.08712,1
LOC 2095,33.64459,-117.84589,1
LOC 2096,38.11441,-121.39228,1
LOC 2097,33.60937,-117.72534,1
LOC 2098,34.13455,-117.39392,1
LOC 2099,37.69882,-121.90303,1
LOC 2100,37.52272,-122.00408,1
LOC 2101,34.21631,-118.22624,1
LOC 2102,32.81137,-115.56939,1
LOC 2103,33.80306,-117.91407,1
LOC 2104,33.66362,-117.82596,1
LOC 2105,34.06367,-117.66107,1
LOC 2106,38.46897,-121.822,1
LOC 2107,34.02177,-117.33592,1
LOC 2108,33.83245,-117.53139,1
LOC 2109,32.55637,-116.93723,1
LOC 2110,33.658,-117.76675,1
LOC 2111,32.77145,-115.55186,1
LOC 2112,34.16672,-118.83333,1
LOC 2113,34.02412,-118.27818,1
LOC 2114,34.09038,-118.32626,1
LOC 2115,35.34965,-119.10135,1
LOC 2116,33.94524,-118.34416,1
LOC 2117,33.17299,-117.25335,1
LOC 2118,37.78837,-122.4033,1
LOC 2119,34.02465,-118.28804,1
LOC 2120,36.10193,-115.16895,1
LOC 2121,36.12243,-115.16829,1
LOC 2122,34.58,-118.09638,1
LOC 2123,36.32996,-121.24137,1
LOC 2124,34.07723,-118.26489,1
LOC 2125,36.96375,-122.04257,1
LOC 2126,34.16052,-118.34428,1
LOC 2127,37.7391,-121.11921,1
LOC 2128,36.24047,-115.16377,1
LOC 2129,38.57055,-121.49434,1
LOC 2130,38.49599,-121.50772,1
LOC 2131,38.54944,-121.40777,1
LOC 2132,33.65429,-117.29751,1
LOC 2133,33.80367,-117.90533,1
LOC 2134,33.99016,-118.47639,1
LOC 2135,34.06372,-118.29706,1
LOC 2136,39.54429,-119.81598,1
LOC 2137,38.54059,-121.73188,1
LOC 2138,33.96637,-118.16611,1
LOC 2139,37.80841,-122.41284,1
LOC 2140,32.54803,-116.97437,1
LOC 2141,36.01974,-115.26362,1
LOC 2142,34.0451,-118.25714,1
LOC 2143,34.08646,-118.21944,1
LOC 2144,36.35666,-119.31402,1
LOC 2145,33.88567,-117.56515,1
LOC 2146,33.09797,-117.20057,1
LOC 2147,37.04749,-122.03056,1
LOC 2148,37.78966,-122.39662,1
LOC 2149,34.0005,-117.55655,1
LOC 2150,38.42407,-122.71384,1
LOC 2151,34.22136,-118.45102,1
LOC 2152,36.21309,-115.99159,1
LOC 2153,33.43929,-117.62059,1
LOC 2154,32.75366,-117.20443,1
LOC 2155,35.74667,-119.24884,1
LOC 2156,34.1653,-118.28116,1
LOC 2157,34.12372,-118.2556,1
LOC 2158,34.02554,-118.43125,1
LOC 2159,34.04254,-117.85028,1
LOC 2160,35.3758,-118.93745,1
LOC 2161,33.80282,-117.93835,1
LOC 2162,37.46584,-121.14051,1
LOC 2163,33.80277,-118.04105,1
LOC 2164,33.80886,-117.92462,1
LOC 2165,36.35865,-119.65477,1
LOC 2166,36.1204,-115.17358,1
LOC 2167,32.70354,-117.15859,1
LOC 2168,36.81207,-119.74915,1
LOC 2169,36.12524,-115.17077,1
LOC 2170,36.11049,-115.17173,1
LOC 2171,34.22079,-118.47059,1
LOC 2172,36.13162,-115.1516,1
LOC 2173,32.77724,-117.07366,1
LOC 2174,32.77398,-117.07016,1
LOC 2175,33.12874,-117.15947,1
LOC 2176,36.1182,-115.18721,1
LOC 2177,36.1195,-115.17044,1
LOC 2178,34.07624,-118.38072,1
LOC 2179,36.14856,-115.15488,1
LOC 2180,36.10599,-115.13849,1
LOC 2181,36.8847,-119.80055,1
LOC 2182,36.65914,-121.64646,1
LOC 2183,36.09525,-115.17616,1
LOC 2184,36.23692,-115.04589,1
LOC 2185,36.15563,-115.33224,1
LOC 2186,36.15593,-115.33406,1
LOC 2187,36.09041,-115.17783,1
LOC 2188,36.09867,-115.17505,1
LOC 2189,33.78071,-118.1141,1
LOC 2190,33.77711,-118.11475,1
LOC 2191,34.15849,-118.32521,1
LOC 2192,34.16061,-118.28604,1
LOC 2193,33.64842,-117.84212,1
LOC 2194,38.26968,-121.94847,1
LOC 2195,36.17071,-115.14615,1
LOC 2196,39.5234,-119.77945,1
LOC 2197,39.52651,-119.79569,1
LOC 2198,34.05757,-117.82137,1
LOC 2199,34.06839,-118.169,1
LOC 2200,33.91708,-118.3803,1
LOC 2201,33.75552,-116.36179,1
LOC 2202,34.13666,-118.35273,1
LOC 2203,35.61194,-115.38758,1
LOC 2204,33.67839,-117.84987,1
LOC 2205,34.15198,-118.33635,1
LOC 2206,33.61631,-117.87971,1
LOC 2207,33.83593,-118.35031,1
LOC 2208,36.1049,-115.17538,1
LOC 2209,33.76764,-118.19129,1
